checking_account,loan_duration_months,credit_history,loan_purpose,credit_amount,savings_account,employment,installment_rate,personal_status_sex,other_debtors,residence_years,property,age,other_installment_plans,housing,existing_credits,job,dependents,telephone,foreign_worker,credit_risk,credit_amount_per_month,age_group,duration_group,high_installment_burden,multiple_existing_credits,stable_employment
A11,6,A34,A43,1169,A65,A75,4,A93,A101,4,A121,67,A143,A152,2,A173,1,A192,A201,0,194.83333333333334,65+,<=12 months,1,1,1
A12,48,A32,A43,5951,A61,A73,2,A92,A101,2,A121,22,A143,A152,1,A173,1,A191,A201,1,123.97916666666667,18-25,37-60 months,0,0,0
A14,12,A34,A46,2096,A61,A74,2,A93,A101,3,A121,49,A143,A152,1,A172,2,A191,A201,0,174.66666666666666,36-50,<=12 months,0,0,1
A11,42,A32,A42,7882,A61,A74,2,A93,A103,4,A122,45,A143,A153,1,A173,2,A191,A201,0,187.66666666666666,36-50,37-60 months,0,0,1
A11,24,A33,A40,4870,A61,A73,3,A93,A101,4,A124,53,A143,A153,2,A173,2,A191,A201,1,202.91666666666666,51-65,13-24 months,0,1,0
A14,36,A32,A46,9055,A65,A73,2,A93,A101,4,A124,35,A143,A153,1,A172,2,A192,A201,0,251.52777777777777,26-35,25-36 months,0,0,0
A14,24,A32,A42,2835,A63,A75,3,A93,A101,4,A122,53,A143,A152,1,A173,1,A191,A201,0,118.125,51-65,13-24 months,0,0,1
A12,36,A32,A41,6948,A61,A73,2,A93,A101,2,A123,35,A143,A151,1,A174,1,A192,A201,0,193.0,26-35,25-36 months,0,0,0
A14,12,A32,A43,3059,A64,A74,2,A91,A101,4,A121,61,A143,A152,1,A172,1,A191,A201,0,254.91666666666666,51-65,<=12 months,0,0,1
A12,30,A34,A40,5234,A61,A71,4,A94,A101,2,A123,28,A143,A152,2,A174,1,A191,A201,1,174.46666666666667,26-35,25-36 months,1,1,0
A12,12,A32,A40,1295,A61,A72,3,A92,A101,1,A123,25,A143,A151,1,A173,1,A191,A201,1,107.91666666666667,18-25,<=12 months,0,0,0
A11,48,A32,A49,4308,A61,A72,3,A92,A101,4,A122,24,A143,A151,1,A173,1,A191,A201,1,89.75,18-25,37-60 months,0,0,0
A12,12,A32,A43,1567,A61,A73,1,A92,A101,1,A123,22,A143,A152,1,A173,1,A192,A201,0,130.58333333333334,18-25,<=12 months,0,0,0
A11,24,A34,A40,1199,A61,A75,4,A93,A101,4,A123,60,A143,A152,2,A172,1,A191,A201,1,49.958333333333336,51-65,13-24 months,1,1,1
A11,15,A32,A40,1403,A61,A73,2,A92,A101,4,A123,28,A143,A151,1,A173,1,A191,A201,0,93.53333333333333,26-35,13-24 months,0,0,0
A11,24,A32,A43,1282,A62,A73,4,A92,A101,2,A123,32,A143,A152,1,A172,1,A191,A201,1,53.416666666666664,26-35,13-24 months,1,0,0
A14,24,A34,A43,2424,A65,A75,4,A93,A101,4,A122,53,A143,A152,2,A173,1,A191,A201,0,101.0,51-65,13-24 months,1,1,1
A11,30,A30,A49,8072,A65,A72,2,A93,A101,3,A123,25,A141,A152,3,A173,1,A191,A201,0,269.06666666666666,18-25,25-36 months,0,1,0
A12,24,A32,A41,12579,A61,A75,4,A92,A101,2,A124,44,A143,A153,1,A174,1,A192,A201,1,524.125,36-50,13-24 months,1,0,1
A14,24,A32,A43,3430,A63,A75,3,A93,A101,2,A123,31,A143,A152,1,A173,2,A192,A201,0,142.91666666666666,26-35,13-24 months,0,0,1
A14,9,A34,A40,2134,A61,A73,4,A93,A101,4,A123,48,A143,A152,3,A173,1,A192,A201,0,237.11111111111111,36-50,<=12 months,1,1,0
A11,6,A32,A43,2647,A63,A73,2,A93,A101,3,A121,44,A143,A151,1,A173,2,A191,A201,0,441.1666666666667,36-50,<=12 months,0,0,0
A11,10,A34,A40,2241,A61,A72,1,A93,A101,3,A121,48,A143,A151,2,A172,2,A191,A202,0,224.1,36-50,<=12 months,0,1,0
A12,12,A34,A41,1804,A62,A72,3,A93,A101,4,A122,44,A143,A152,1,A173,1,A191,A201,0,150.33333333333334,36-50,<=12 months,0,0,0
A14,10,A34,A42,2069,A65,A73,2,A94,A101,1,A123,26,A143,A152,2,A173,1,A191,A202,0,206.9,26-35,<=12 months,0,1,0
A11,6,A32,A42,1374,A61,A73,1,A93,A101,2,A121,36,A141,A152,1,A172,1,A192,A201,0,229.0,36-50,<=12 months,0,0,0
A14,6,A30,A43,426,A61,A75,4,A94,A101,4,A123,39,A143,A152,1,A172,1,A191,A201,0,71.0,36-50,<=12 months,1,0,1
A13,12,A31,A43,409,A64,A73,3,A92,A101,3,A121,42,A143,A151,2,A173,1,A191,A201,0,34.083333333333336,36-50,<=12 months,0,1,0
A12,7,A32,A43,2415,A61,A73,3,A93,A103,2,A121,34,A143,A152,1,A173,1,A191,A201,0,345.0,26-35,<=12 months,0,0,0
A11,60,A33,A49,6836,A61,A75,3,A93,A101,4,A124,63,A143,A152,2,A173,1,A192,A201,1,113.93333333333334,51-65,37-60 months,0,1,1
A12,18,A32,A49,1913,A64,A72,3,A94,A101,3,A121,36,A141,A152,1,A173,1,A192,A201,0,106.27777777777777,36-50,13-24 months,0,0,0
A11,24,A32,A42,4020,A61,A73,2,A93,A101,2,A123,27,A142,A152,1,A173,1,A191,A201,0,167.5,26-35,13-24 months,0,0,0
A12,18,A32,A40,5866,A62,A73,2,A93,A101,2,A123,30,A143,A152,2,A173,1,A192,A201,0,325.8888888888889,26-35,13-24 months,0,1,0
A14,12,A34,A49,1264,A65,A75,4,A93,A101,4,A124,57,A143,A151,1,A172,1,A191,A201,0,105.33333333333333,51-65,<=12 months,1,0,1
A13,12,A32,A42,1474,A61,A72,4,A92,A101,1,A122,33,A141,A152,1,A174,1,A192,A201,0,122.83333333333333,26-35,<=12 months,1,0,0
A12,45,A34,A43,4746,A61,A72,4,A93,A101,2,A122,25,A143,A152,2,A172,1,A191,A201,1,105.46666666666667,18-25,37-60 months,1,1,0
A14,48,A34,A46,6110,A61,A73,1,A93,A101,3,A124,31,A141,A153,1,A173,1,A192,A201,0,127.29166666666667,26-35,37-60 months,0,0,0
A13,18,A32,A43,2100,A61,A73,4,A93,A102,2,A121,37,A142,A152,1,A173,1,A191,A201,1,116.66666666666667,36-50,13-24 months,1,0,0
A13,10,A32,A44,1225,A61,A73,2,A93,A101,2,A123,37,A143,A152,1,A173,1,A192,A201,0,122.5,36-50,<=12 months,0,0,0
A12,9,A32,A43,458,A61,A73,4,A93,A101,3,A121,24,A143,A152,1,A173,1,A191,A201,0,50.888888888888886,18-25,<=12 months,1,0,0
A14,30,A32,A43,2333,A63,A75,4,A93,A101,2,A123,30,A141,A152,1,A174,1,A191,A201,0,77.76666666666667,26-35,25-36 months,1,0,1
A12,12,A32,A43,1158,A63,A73,3,A91,A101,1,A123,26,A143,A152,1,A173,1,A192,A201,0,96.5,26-35,<=12 months,0,0,0
A12,18,A33,A45,6204,A61,A73,2,A93,A101,4,A121,44,A143,A152,1,A172,2,A192,A201,0,344.6666666666667,36-50,13-24 months,0,0,0
A11,30,A34,A41,6187,A62,A74,1,A94,A101,4,A123,24,A143,A151,2,A173,1,A191,A201,0,206.23333333333332,18-25,25-36 months,0,1,1
A11,48,A34,A41,6143,A61,A75,4,A92,A101,4,A124,58,A142,A153,2,A172,1,A191,A201,1,127.97916666666667,51-65,37-60 months,1,1,1
A14,11,A34,A40,1393,A61,A72,4,A92,A101,4,A123,35,A143,A152,2,A174,1,A191,A201,0,126.63636363636364,26-35,<=12 months,1,1,0
A14,36,A32,A43,2299,A63,A75,4,A93,A101,4,A123,39,A143,A152,1,A173,1,A191,A201,0,63.861111111111114,36-50,25-36 months,1,0,1
A11,6,A32,A41,1352,A63,A71,1,A92,A101,2,A122,23,A143,A151,1,A171,1,A192,A201,0,225.33333333333334,18-25,<=12 months,0,0,0
A14,11,A34,A40,7228,A61,A73,1,A93,A101,4,A122,39,A143,A152,2,A172,1,A191,A201,0,657.0909090909091,36-50,<=12 months,0,1,0
A14,12,A32,A43,2073,A62,A73,4,A92,A102,2,A121,28,A143,A152,1,A173,1,A191,A201,0,172.75,26-35,<=12 months,1,0,0
A12,24,A33,A42,2333,A65,A72,4,A93,A101,2,A122,29,A141,A152,1,A172,1,A191,A201,0,97.20833333333333,26-35,13-24 months,1,0,0
A12,27,A33,A41,5965,A61,A75,1,A93,A101,2,A123,30,A143,A152,2,A174,1,A192,A201,0,220.92592592592592,26-35,25-36 months,0,1,1
A14,12,A32,A43,1262,A61,A73,3,A93,A101,2,A123,25,A143,A152,1,A173,1,A191,A201,0,105.16666666666667,18-25,<=12 months,0,0,0
A14,18,A32,A41,3378,A65,A73,2,A93,A101,1,A122,31,A143,A152,1,A173,1,A192,A201,0,187.66666666666666,26-35,13-24 months,0,0,0
A12,36,A33,A40,2225,A61,A75,4,A93,A101,4,A124,57,A141,A153,2,A173,1,A192,A201,1,61.80555555555556,51-65,25-36 months,1,1,1
A14,6,A31,A40,783,A65,A73,1,A93,A103,2,A121,26,A142,A152,1,A172,2,A191,A201,0,130.5,26-35,<=12 months,0,0,0
A12,12,A32,A43,6468,A65,A71,2,A93,A101,1,A124,52,A143,A152,1,A174,1,A192,A201,1,539.0,51-65,<=12 months,0,0,0
A14,36,A34,A43,9566,A61,A73,2,A92,A101,2,A123,31,A142,A152,2,A173,1,A191,A201,0,265.72222222222223,26-35,25-36 months,0,1,0
A13,18,A32,A40,1961,A61,A75,3,A92,A101,2,A123,23,A143,A152,1,A174,1,A191,A201,0,108.94444444444444,18-25,13-24 months,0,0,1
A11,36,A34,A42,6229,A61,A72,4,A92,A102,4,A124,23,A143,A151,2,A172,1,A192,A201,1,173.02777777777777,18-25,25-36 months,1,1,0
A12,9,A32,A49,1391,A61,A73,2,A94,A101,1,A121,27,A141,A152,1,A173,1,A192,A201,0,154.55555555555554,26-35,<=12 months,0,0,0
A12,15,A34,A43,1537,A65,A75,4,A93,A103,4,A121,50,A143,A152,2,A173,1,A192,A201,0,102.46666666666667,36-50,13-24 months,1,1,1
A12,36,A30,A49,1953,A61,A75,4,A93,A101,4,A124,61,A143,A153,1,A174,1,A192,A201,1,54.25,51-65,25-36 months,1,0,1
A12,48,A30,A49,14421,A61,A73,2,A93,A101,2,A123,25,A143,A152,1,A173,1,A192,A201,1,300.4375,18-25,37-60 months,0,0,0
A14,24,A32,A43,3181,A61,A72,4,A92,A101,4,A122,26,A143,A152,1,A173,1,A192,A201,0,132.54166666666666,26-35,13-24 months,1,0,0
A14,27,A32,A45,5190,A65,A75,4,A93,A101,4,A122,48,A143,A152,4,A173,2,A192,A201,0,192.22222222222223,36-50,25-36 months,1,1,1
A14,12,A32,A43,2171,A61,A72,2,A92,A101,2,A123,29,A141,A152,1,A173,1,A191,A201,0,180.91666666666666,26-35,<=12 months,0,0,0
A12,12,A32,A40,1007,A64,A73,4,A94,A101,1,A121,22,A143,A152,1,A173,1,A191,A201,0,83.91666666666667,18-25,<=12 months,1,0,0
A14,36,A32,A46,1819,A61,A73,4,A93,A101,4,A124,37,A142,A153,1,A173,1,A192,A201,1,50.52777777777778,36-50,25-36 months,1,0,0
A14,36,A32,A43,2394,A65,A73,4,A92,A101,4,A123,25,A143,A152,1,A173,1,A191,A201,0,66.5,18-25,25-36 months,1,0,0
A14,36,A32,A41,8133,A61,A73,1,A92,A101,2,A122,30,A141,A152,1,A173,1,A191,A201,0,225.91666666666666,26-35,25-36 months,0,0,0
A14,7,A34,A43,730,A65,A75,4,A93,A101,2,A122,46,A143,A151,2,A172,1,A192,A201,0,104.28571428571429,36-50,<=12 months,1,1,1
A11,8,A34,A410,1164,A61,A75,3,A93,A101,4,A124,51,A141,A153,2,A174,2,A192,A201,0,145.5,51-65,<=12 months,0,1,1
A12,42,A34,A49,5954,A61,A74,2,A92,A101,1,A121,41,A141,A152,2,A172,1,A191,A201,0,141.76190476190476,36-50,37-60 months,0,1,1
A11,36,A32,A46,1977,A65,A75,4,A93,A101,4,A124,40,A143,A152,1,A174,1,A192,A201,1,54.916666666666664,36-50,25-36 months,1,0,1
A11,12,A34,A41,1526,A61,A75,4,A93,A101,4,A124,66,A143,A153,2,A174,1,A191,A201,0,127.16666666666667,65+,<=12 months,1,1,1
A11,42,A32,A43,3965,A61,A72,4,A93,A101,3,A123,34,A143,A152,1,A173,1,A191,A201,1,94.4047619047619,26-35,37-60 months,1,0,0
A12,11,A33,A43,4771,A61,A74,2,A93,A101,4,A122,51,A143,A152,1,A173,1,A191,A201,0,433.72727272727275,51-65,<=12 months,0,0,1
A14,54,A30,A41,9436,A65,A73,2,A93,A101,2,A122,39,A143,A152,1,A172,2,A191,A201,0,174.74074074074073,36-50,37-60 months,0,0,0
A12,30,A32,A42,3832,A61,A72,2,A94,A101,1,A122,22,A143,A152,1,A173,1,A191,A201,0,127.73333333333333,18-25,25-36 months,0,0,0
A14,24,A32,A43,5943,A65,A72,1,A92,A101,1,A123,44,A143,A152,2,A173,1,A192,A201,1,247.625,36-50,13-24 months,0,1,0
A14,15,A32,A43,1213,A63,A75,4,A93,A101,3,A122,47,A142,A152,1,A173,1,A192,A201,0,80.86666666666666,36-50,13-24 months,1,0,1
A14,18,A32,A49,1568,A62,A73,3,A92,A101,4,A122,24,A143,A151,1,A172,1,A191,A201,0,87.11111111111111,18-25,13-24 months,0,0,0
A11,24,A32,A410,1755,A61,A75,4,A92,A103,4,A121,58,A143,A152,1,A172,1,A192,A201,0,73.125,51-65,13-24 months,1,0,1
A11,10,A32,A43,2315,A61,A75,3,A93,A101,4,A121,52,A143,A152,1,A172,1,A191,A201,0,231.5,51-65,<=12 months,0,0,1
A14,12,A34,A49,1412,A61,A73,4,A92,A103,2,A121,29,A143,A152,2,A174,1,A192,A201,0,117.66666666666667,26-35,<=12 months,1,1,0
A12,18,A34,A42,1295,A61,A72,4,A92,A101,1,A122,27,A143,A152,2,A173,1,A191,A201,0,71.94444444444444,26-35,13-24 months,1,1,0
A12,36,A32,A46,12612,A62,A73,1,A93,A101,4,A124,47,A143,A153,1,A173,2,A192,A201,1,350.3333333333333,36-50,25-36 months,0,0,0
A11,18,A32,A40,2249,A62,A74,4,A93,A101,3,A123,30,A143,A152,1,A174,2,A192,A201,0,124.94444444444444,26-35,13-24 months,1,0,1
A11,12,A30,A45,1108,A61,A74,4,A93,A101,3,A121,28,A143,A152,2,A173,1,A191,A201,1,92.33333333333333,26-35,<=12 months,1,1,1
A14,12,A34,A43,618,A61,A75,4,A93,A101,4,A121,56,A143,A152,1,A173,1,A191,A201,0,51.5,51-65,<=12 months,1,0,1
A11,12,A34,A41,1409,A61,A75,4,A93,A101,3,A121,54,A143,A152,1,A173,1,A191,A201,0,117.41666666666667,51-65,<=12 months,1,0,1
A14,12,A34,A43,797,A65,A75,4,A92,A101,3,A122,33,A141,A152,1,A172,2,A191,A201,1,66.41666666666667,26-35,<=12 months,1,0,1
A13,24,A34,A42,3617,A65,A75,4,A93,A102,4,A124,20,A143,A151,2,A173,1,A191,A201,0,150.70833333333334,18-25,13-24 months,1,1,1
A12,12,A32,A40,1318,A64,A75,4,A93,A101,4,A121,54,A143,A152,1,A173,1,A192,A201,0,109.83333333333333,51-65,<=12 months,1,0,1
A12,54,A30,A49,15945,A61,A72,3,A93,A101,4,A124,58,A143,A151,1,A173,1,A192,A201,1,295.27777777777777,51-65,37-60 months,0,0,0
A14,12,A34,A46,2012,A65,A74,4,A92,A101,2,A123,61,A143,A152,1,A173,1,A191,A201,0,167.66666666666666,51-65,<=12 months,1,0,1
A12,18,A32,A49,2622,A62,A73,4,A93,A101,4,A123,34,A143,A152,1,A173,1,A191,A201,0,145.66666666666666,26-35,13-24 months,1,0,0
A12,36,A34,A43,2337,A61,A75,4,A93,A101,4,A121,36,A143,A152,1,A173,1,A191,A201,0,64.91666666666667,36-50,25-36 months,1,0,1
A12,20,A33,A41,7057,A65,A74,3,A93,A101,4,A122,36,A141,A151,2,A174,2,A192,A201,0,352.85,36-50,13-24 months,0,1,1
A14,24,A32,A40,1469,A62,A75,4,A94,A101,4,A121,41,A143,A151,1,A172,1,A191,A201,0,61.208333333333336,36-50,13-24 months,1,0,1
A12,36,A32,A43,2323,A61,A74,4,A93,A101,4,A123,24,A143,A151,1,A173,1,A191,A201,0,64.52777777777777,18-25,25-36 months,1,0,1
A14,6,A33,A43,932,A61,A73,3,A92,A101,2,A121,24,A143,A152,1,A173,1,A191,A201,0,155.33333333333334,18-25,<=12 months,0,0,0
A12,9,A34,A42,1919,A61,A74,4,A93,A101,3,A123,35,A143,A151,1,A173,1,A192,A201,0,213.22222222222223,26-35,<=12 months,1,0,1
A14,12,A32,A41,2445,A65,A72,2,A94,A101,4,A123,26,A143,A151,1,A173,1,A192,A201,0,203.75,26-35,<=12 months,0,0,0
A12,24,A34,A410,11938,A61,A73,2,A93,A102,3,A123,39,A143,A152,2,A174,2,A192,A201,1,497.4166666666667,36-50,13-24 months,0,1,0
A14,18,A31,A40,6458,A61,A75,2,A93,A101,4,A124,39,A141,A152,2,A174,2,A192,A201,1,358.77777777777777,36-50,13-24 months,0,1,1
A12,12,A32,A40,6078,A61,A74,2,A93,A101,2,A123,32,A143,A152,1,A173,1,A191,A201,0,506.5,26-35,<=12 months,0,0,1
A11,24,A32,A42,7721,A65,A72,1,A92,A101,2,A122,30,A143,A152,1,A173,1,A192,A202,0,321.7083333333333,26-35,13-24 months,0,0,0
A12,14,A32,A49,1410,A63,A75,1,A94,A101,2,A121,35,A143,A152,1,A173,1,A192,A201,0,100.71428571428571,26-35,13-24 months,0,0,1
A12,6,A33,A49,1449,A62,A75,1,A91,A101,2,A123,31,A141,A152,2,A173,2,A191,A201,0,241.5,26-35,<=12 months,0,1,1
A13,15,A32,A46,392,A61,A72,4,A92,A101,4,A122,23,A143,A151,1,A173,1,A192,A201,0,26.133333333333333,18-25,13-24 months,1,0,0
A12,18,A32,A40,6260,A61,A74,3,A93,A101,3,A121,28,A143,A151,1,A172,1,A191,A201,0,347.77777777777777,26-35,13-24 months,0,0,1
A14,36,A34,A40,7855,A61,A73,4,A92,A101,2,A121,25,A142,A152,2,A173,1,A192,A201,1,218.19444444444446,18-25,25-36 months,1,1,0
A11,12,A32,A43,1680,A63,A75,3,A94,A101,1,A121,35,A143,A152,1,A173,1,A191,A201,0,140.0,26-35,<=12 months,0,0,1
A14,48,A34,A43,3578,A65,A75,4,A93,A101,1,A121,47,A143,A152,1,A173,1,A192,A201,0,74.54166666666667,36-50,37-60 months,1,0,1
A11,42,A32,A43,7174,A65,A74,4,A92,A101,3,A123,30,A143,A152,1,A174,1,A192,A201,1,170.8095238095238,26-35,37-60 months,1,0,1
A11,10,A34,A42,2132,A65,A72,2,A92,A102,3,A121,27,A143,A151,2,A173,1,A191,A202,0,213.2,26-35,<=12 months,0,1,0
A11,33,A34,A42,4281,A63,A73,1,A92,A101,4,A123,23,A143,A152,2,A173,1,A191,A201,1,129.72727272727272,18-25,25-36 months,0,1,0
A12,12,A34,A40,2366,A63,A74,3,A91,A101,3,A123,36,A143,A152,1,A174,1,A192,A201,0,197.16666666666666,36-50,<=12 months,0,0,1
A11,21,A32,A43,1835,A61,A73,3,A92,A101,2,A121,25,A143,A152,2,A173,1,A192,A201,1,87.38095238095238,18-25,13-24 months,0,1,0
A14,24,A34,A41,3868,A61,A75,4,A92,A101,2,A123,41,A143,A151,2,A174,1,A192,A201,0,161.16666666666666,36-50,13-24 months,1,1,1
A14,12,A32,A42,1768,A61,A73,3,A93,A101,2,A121,24,A143,A151,1,A172,1,A191,A201,0,147.33333333333334,18-25,<=12 months,0,0,0
A13,10,A34,A40,781,A61,A75,4,A93,A101,4,A124,63,A143,A153,2,A173,1,A192,A201,0,78.1,51-65,<=12 months,1,1,1
A12,18,A32,A42,1924,A65,A72,4,A92,A101,3,A121,27,A143,A151,1,A173,1,A191,A201,1,106.88888888888889,26-35,13-24 months,1,0,0
A11,12,A34,A40,2121,A61,A73,4,A93,A101,2,A122,30,A143,A152,2,A173,1,A191,A201,0,176.75,26-35,<=12 months,1,1,0
A11,12,A32,A43,701,A61,A73,4,A94,A101,2,A121,40,A143,A152,1,A172,1,A191,A201,0,58.416666666666664,36-50,<=12 months,1,0,0
A12,12,A32,A45,639,A61,A73,4,A93,A101,2,A123,30,A143,A152,1,A173,1,A191,A201,1,53.25,26-35,<=12 months,1,0,0
A12,12,A34,A41,1860,A61,A71,4,A93,A101,2,A123,34,A143,A152,2,A174,1,A192,A201,0,155.0,26-35,<=12 months,1,1,0
A11,12,A34,A40,3499,A61,A73,3,A92,A102,2,A121,29,A143,A152,2,A173,1,A191,A201,1,291.5833333333333,26-35,<=12 months,0,1,0
A12,48,A32,A40,8487,A65,A74,1,A92,A101,2,A123,24,A143,A152,1,A173,1,A191,A201,0,176.8125,18-25,37-60 months,0,0,1
A11,36,A33,A46,6887,A61,A73,4,A93,A101,3,A122,29,A142,A152,1,A173,1,A192,A201,1,191.30555555555554,26-35,25-36 months,1,0,0
A14,15,A32,A42,2708,A61,A72,2,A93,A101,3,A122,27,A141,A152,2,A172,1,A191,A201,0,180.53333333333333,26-35,13-24 months,0,1,0
A14,18,A32,A42,1984,A61,A73,4,A93,A101,4,A124,47,A141,A153,2,A173,1,A191,A201,0,110.22222222222223,36-50,13-24 months,1,1,0
A14,60,A32,A43,10144,A62,A74,2,A92,A101,4,A121,21,A143,A152,1,A173,1,A192,A201,0,169.06666666666666,18-25,37-60 months,0,0,1
A14,12,A34,A43,1240,A65,A75,4,A92,A101,2,A121,38,A143,A152,2,A173,1,A192,A201,0,103.33333333333333,36-50,<=12 months,1,1,1
A14,27,A33,A41,8613,A64,A73,2,A93,A101,2,A123,27,A143,A152,2,A173,1,A191,A201,0,319.0,26-35,25-36 months,0,1,0
A12,12,A32,A43,766,A63,A73,4,A93,A101,3,A121,66,A143,A152,1,A172,1,A191,A201,1,63.833333333333336,65+,<=12 months,1,0,0
A12,15,A34,A43,2728,A65,A74,4,A93,A103,2,A121,35,A141,A152,3,A173,1,A192,A201,0,181.86666666666667,26-35,13-24 months,1,1,1
A13,12,A32,A43,1881,A61,A73,2,A92,A101,2,A123,44,A143,A151,1,A172,1,A192,A201,0,156.75,36-50,<=12 months,0,0,0
A13,6,A32,A40,709,A64,A72,2,A94,A101,2,A121,27,A143,A152,1,A171,1,A191,A202,0,118.16666666666667,26-35,<=12 months,0,0,0
A12,36,A32,A43,4795,A61,A72,4,A92,A101,1,A124,30,A143,A152,1,A174,1,A192,A201,0,133.19444444444446,26-35,25-36 months,1,0,0
A11,27,A32,A43,3416,A61,A73,3,A93,A101,2,A123,27,A143,A152,1,A174,1,A191,A201,0,126.51851851851852,26-35,25-36 months,0,0,0
A11,18,A32,A42,2462,A61,A73,2,A93,A101,2,A123,22,A143,A152,1,A173,1,A191,A201,1,136.77777777777777,18-25,13-24 months,0,0,0
A14,21,A34,A42,2288,A61,A72,4,A92,A101,4,A122,23,A143,A152,1,A173,1,A192,A201,0,108.95238095238095,18-25,13-24 months,1,0,0
A12,48,A31,A49,3566,A62,A74,4,A93,A101,2,A123,30,A143,A152,1,A173,1,A191,A201,0,74.29166666666667,26-35,37-60 months,1,0,1
A11,6,A34,A40,860,A61,A75,1,A92,A101,4,A124,39,A143,A152,2,A173,1,A192,A201,0,143.33333333333334,36-50,<=12 months,0,1,1
A14,12,A34,A40,682,A62,A74,4,A92,A101,3,A123,51,A143,A152,2,A173,1,A192,A201,0,56.833333333333336,51-65,<=12 months,1,1,1
A11,36,A34,A42,5371,A61,A73,3,A93,A103,2,A122,28,A143,A152,2,A173,1,A191,A201,0,149.19444444444446,26-35,25-36 months,0,1,0
A14,18,A34,A43,1582,A64,A75,4,A93,A101,4,A123,46,A143,A152,2,A173,1,A191,A201,0,87.88888888888889,36-50,13-24 months,1,1,1
A14,6,A32,A43,1346,A62,A75,2,A93,A101,4,A124,42,A141,A153,1,A173,2,A192,A201,0,224.33333333333334,36-50,<=12 months,0,0,1
A14,10,A32,A43,1924,A61,A73,1,A93,A101,4,A122,38,A143,A152,1,A173,1,A192,A202,0,192.4,36-50,<=12 months,0,0,0
A13,36,A32,A43,5848,A61,A73,4,A93,A101,1,A123,24,A143,A152,1,A173,1,A191,A201,0,162.44444444444446,18-25,25-36 months,1,0,0
A12,24,A34,A41,7758,A64,A75,2,A92,A101,4,A124,29,A143,A151,1,A173,1,A191,A201,0,323.25,26-35,13-24 months,0,0,1
A12,24,A33,A49,6967,A62,A74,4,A93,A101,4,A123,36,A143,A151,1,A174,1,A192,A201,0,290.2916666666667,36-50,13-24 months,1,0,1
A11,12,A32,A42,1282,A61,A73,2,A92,A101,4,A123,20,A143,A151,1,A173,1,A191,A201,1,106.83333333333333,18-25,<=12 months,0,0,0
A11,9,A34,A45,1288,A62,A75,3,A93,A103,4,A121,48,A143,A152,2,A173,2,A191,A202,0,143.11111111111111,36-50,<=12 months,0,1,1
A11,12,A31,A48,339,A61,A75,4,A94,A101,1,A123,45,A141,A152,1,A172,1,A191,A201,0,28.25,36-50,<=12 months,1,0,1
A12,24,A32,A40,3512,A62,A74,2,A93,A101,3,A123,38,A141,A152,2,A173,1,A192,A201,0,146.33333333333334,36-50,13-24 months,0,1,1
A14,6,A34,A43,1898,A65,A73,1,A93,A101,2,A121,34,A143,A152,2,A172,2,A191,A201,0,316.3333333333333,26-35,<=12 months,0,1,0
A14,24,A34,A43,2872,A62,A75,3,A93,A101,4,A121,36,A143,A152,1,A173,2,A192,A201,0,119.66666666666667,36-50,13-24 months,0,0,1
A14,18,A34,A40,1055,A61,A72,4,A92,A101,1,A122,30,A143,A152,2,A173,1,A191,A201,0,58.611111111111114,26-35,13-24 months,1,1,0
A14,15,A32,A44,1262,A63,A74,4,A93,A101,3,A122,36,A143,A152,2,A173,1,A192,A201,0,84.13333333333334,36-50,13-24 months,1,1,1
A12,10,A32,A40,7308,A61,A71,2,A93,A101,4,A124,70,A141,A153,1,A174,1,A192,A201,0,730.8,65+,<=12 months,0,0,0
A14,36,A32,A40,909,A63,A75,4,A93,A101,4,A122,36,A143,A152,1,A173,1,A191,A201,0,25.25,36-50,25-36 months,1,0,1
A14,6,A32,A42,2978,A63,A73,1,A93,A101,2,A123,32,A143,A152,1,A173,1,A192,A201,0,496.3333333333333,26-35,<=12 months,0,0,0
A11,18,A32,A42,1131,A61,A71,4,A92,A101,2,A123,33,A143,A152,1,A173,1,A191,A201,1,62.833333333333336,26-35,13-24 months,1,0,0
A12,11,A32,A42,1577,A64,A72,4,A92,A101,1,A121,20,A143,A152,1,A173,1,A191,A201,0,143.36363636363637,18-25,<=12 months,1,0,0
A14,24,A32,A42,3972,A61,A74,2,A92,A101,4,A122,25,A143,A151,1,A173,1,A192,A201,0,165.5,18-25,13-24 months,0,0,1
A12,24,A34,A49,1935,A61,A75,4,A91,A101,4,A121,31,A143,A152,2,A173,1,A192,A201,1,80.625,26-35,13-24 months,1,1,1
A11,15,A30,A40,950,A61,A75,4,A93,A101,3,A123,33,A143,A151,2,A173,2,A191,A201,1,63.333333333333336,26-35,13-24 months,1,1,1
A14,12,A32,A42,763,A61,A73,4,A92,A101,1,A121,26,A143,A152,1,A173,1,A192,A201,0,63.583333333333336,26-35,<=12 months,1,0,0
A12,24,A33,A42,2064,A61,A71,3,A92,A101,2,A122,34,A143,A152,1,A174,1,A192,A201,1,86.0,26-35,13-24 months,0,0,0
A12,8,A32,A43,1414,A61,A73,4,A93,A103,2,A121,33,A143,A152,1,A173,1,A191,A202,0,176.75,26-35,<=12 months,1,0,0
A11,21,A33,A46,3414,A61,A72,2,A93,A101,1,A122,26,A143,A152,2,A173,1,A191,A201,1,162.57142857142858,26-35,13-24 months,0,1,0
A14,30,A31,A41,7485,A65,A71,4,A92,A101,1,A121,53,A141,A152,1,A174,1,A192,A201,1,249.5,51-65,25-36 months,1,0,0
A11,12,A32,A42,2577,A61,A73,2,A91,A101,1,A123,42,A143,A152,1,A173,1,A191,A201,0,214.75,36-50,<=12 months,0,0,0
A11,6,A34,A43,338,A63,A75,4,A93,A101,4,A123,52,A143,A152,2,A173,1,A191,A201,0,56.333333333333336,51-65,<=12 months,1,1,1
A14,12,A32,A43,1963,A61,A74,4,A93,A101,2,A123,31,A143,A151,2,A174,2,A192,A201,0,163.58333333333334,26-35,<=12 months,1,1,1
A11,21,A34,A40,571,A61,A75,4,A93,A101,4,A121,65,A143,A152,2,A173,1,A191,A201,0,27.19047619047619,51-65,13-24 months,1,1,1
A14,36,A33,A49,9572,A61,A72,1,A91,A101,1,A123,28,A143,A152,2,A173,1,A191,A201,1,265.8888888888889,26-35,25-36 months,0,1,0
A12,36,A33,A49,4455,A61,A73,2,A91,A101,2,A121,30,A142,A152,2,A174,1,A192,A201,1,123.75,26-35,25-36 months,0,1,0
A11,21,A31,A40,1647,A65,A73,4,A93,A101,2,A122,40,A143,A152,2,A172,2,A191,A201,1,78.42857142857143,36-50,13-24 months,1,1,0
A14,24,A34,A42,3777,A64,A73,4,A93,A101,4,A121,50,A143,A152,1,A173,1,A192,A201,0,157.375,36-50,13-24 months,1,0,0
A12,18,A34,A40,884,A61,A75,4,A93,A101,4,A123,36,A141,A152,1,A173,2,A192,A201,1,49.111111111111114,36-50,13-24 months,1,0,1
A14,15,A34,A43,1360,A61,A73,4,A93,A101,2,A122,31,A143,A152,2,A173,1,A191,A201,0,90.66666666666667,26-35,13-24 months,1,1,0
A12,9,A31,A41,5129,A61,A75,2,A92,A101,4,A124,74,A141,A153,1,A174,2,A192,A201,1,569.8888888888889,65+,<=12 months,0,0,1
A12,16,A34,A40,1175,A61,A71,2,A93,A101,3,A123,68,A143,A153,3,A171,1,A192,A201,0,73.4375,65+,13-24 months,0,1,0
A11,12,A32,A43,674,A62,A74,4,A94,A101,1,A122,20,A143,A152,1,A173,1,A191,A201,1,56.166666666666664,18-25,<=12 months,1,0,1
A12,18,A30,A42,3244,A61,A73,1,A92,A101,4,A123,33,A141,A152,2,A173,1,A192,A201,0,180.22222222222223,26-35,13-24 months,0,1,0
A14,24,A32,A49,4591,A64,A73,2,A93,A101,3,A122,54,A143,A152,3,A174,1,A192,A201,1,191.29166666666666,51-65,13-24 months,0,1,0
A12,48,A30,A49,3844,A62,A74,4,A93,A101,4,A124,34,A143,A153,1,A172,2,A191,A201,1,80.08333333333333,26-35,37-60 months,1,0,1
A12,27,A32,A49,3915,A61,A73,4,A93,A101,2,A123,36,A143,A152,1,A173,2,A192,A201,1,145.0,36-50,25-36 months,1,0,0
A14,6,A32,A43,2108,A61,A74,2,A94,A101,2,A121,29,A143,A151,1,A173,1,A191,A201,0,351.3333333333333,26-35,<=12 months,0,0,1
A12,45,A32,A43,3031,A62,A73,4,A93,A103,4,A122,21,A143,A151,1,A173,1,A191,A201,1,67.35555555555555,18-25,37-60 months,1,0,0
A12,9,A34,A46,1501,A61,A75,2,A92,A101,3,A123,34,A143,A152,2,A174,1,A192,A201,1,166.77777777777777,26-35,<=12 months,0,1,1
A14,6,A34,A43,1382,A61,A73,1,A92,A101,1,A123,28,A143,A152,2,A173,1,A192,A201,0,230.33333333333334,26-35,<=12 months,0,1,0
A12,12,A32,A42,951,A62,A72,4,A92,A101,4,A123,27,A141,A151,4,A173,1,A191,A201,1,79.25,26-35,<=12 months,1,1,0
A12,24,A32,A41,2760,A65,A75,4,A93,A101,4,A124,36,A141,A153,1,A173,1,A192,A201,0,115.0,36-50,13-24 months,1,0,1
A12,18,A33,A42,4297,A61,A75,4,A91,A101,3,A124,40,A143,A152,1,A174,1,A192,A201,1,238.72222222222223,36-50,13-24 months,1,0,1
A14,9,A34,A46,936,A63,A75,4,A93,A101,2,A123,52,A143,A152,2,A173,1,A192,A201,0,104.0,51-65,<=12 months,1,1,1
A11,12,A32,A40,1168,A61,A73,4,A94,A101,3,A121,27,A143,A152,1,A172,1,A191,A201,0,97.33333333333333,26-35,<=12 months,1,0,0
A14,27,A33,A49,5117,A61,A74,3,A93,A101,4,A123,26,A143,A152,2,A173,1,A191,A201,0,189.5185185185185,26-35,25-36 months,0,1,1
A11,12,A32,A48,902,A61,A74,4,A94,A101,4,A122,21,A143,A151,1,A173,1,A191,A201,1,75.16666666666667,18-25,<=12 months,1,0,1
A14,12,A34,A40,1495,A61,A75,4,A93,A101,1,A121,38,A143,A152,2,A172,2,A191,A201,0,124.58333333333333,36-50,<=12 months,1,1,1
A11,30,A34,A41,10623,A61,A75,3,A93,A101,4,A124,38,A143,A153,3,A174,2,A192,A201,0,354.1,36-50,25-36 months,0,1,1
A14,12,A34,A42,1935,A61,A75,4,A93,A101,4,A121,43,A143,A152,3,A173,1,A192,A201,0,161.25,36-50,<=12 months,1,1,1
A12,12,A34,A44,1424,A61,A74,4,A93,A101,3,A122,26,A143,A152,1,A173,1,A191,A201,0,118.66666666666667,26-35,<=12 months,1,0,1
A11,24,A32,A49,6568,A61,A73,2,A94,A101,2,A123,21,A142,A152,1,A172,1,A191,A201,0,273.6666666666667,18-25,13-24 months,0,0,0
A14,12,A32,A41,1413,A64,A74,3,A93,A101,2,A122,55,A143,A152,1,A173,1,A191,A202,0,117.75,51-65,<=12 months,0,0,1
A14,9,A34,A43,3074,A65,A73,1,A93,A101,2,A121,33,A143,A152,2,A173,2,A191,A201,0,341.55555555555554,26-35,<=12 months,0,1,0
A14,36,A32,A43,3835,A65,A75,2,A92,A101,4,A121,45,A143,A152,1,A172,1,A192,A201,0,106.52777777777777,36-50,25-36 months,0,0,1
A11,27,A30,A49,5293,A61,A71,2,A93,A101,4,A122,50,A142,A152,2,A173,1,A192,A201,1,196.03703703703704,36-50,25-36 months,0,1,0
A13,30,A33,A49,1908,A61,A75,4,A93,A101,4,A121,66,A143,A152,1,A174,1,A192,A201,1,63.6,65+,25-36 months,1,0,1
A14,36,A34,A43,3342,A65,A75,4,A93,A101,2,A123,51,A143,A152,1,A173,1,A192,A201,0,92.83333333333333,51-65,25-36 months,1,0,1
A12,6,A34,A48,932,A65,A74,1,A92,A101,3,A122,39,A143,A152,2,A172,1,A191,A201,0,155.33333333333334,36-50,<=12 months,0,1,1
A11,18,A30,A49,3104,A61,A74,3,A93,A101,1,A122,31,A141,A152,1,A173,1,A192,A201,0,172.44444444444446,26-35,13-24 months,0,0,1
A13,36,A32,A43,3913,A61,A73,2,A93,A101,2,A121,23,A143,A152,1,A173,1,A192,A201,0,108.69444444444444,18-25,25-36 months,0,0,0
A11,24,A32,A42,3021,A61,A73,2,A91,A101,2,A121,24,A143,A151,1,A172,1,A191,A201,0,125.875,18-25,13-24 months,0,0,0
A14,10,A32,A40,1364,A61,A73,2,A92,A101,4,A123,64,A143,A152,1,A173,1,A192,A201,0,136.4,51-65,<=12 months,0,0,0
A12,12,A32,A43,625,A61,A72,4,A94,A103,1,A121,26,A141,A152,1,A172,1,A191,A201,0,52.083333333333336,26-35,<=12 months,1,0,0
A11,12,A32,A46,1200,A65,A73,4,A92,A101,4,A122,23,A141,A151,1,A173,1,A192,A201,0,100.0,18-25,<=12 months,1,0,0
A14,12,A32,A43,707,A61,A73,4,A93,A101,2,A121,30,A141,A152,2,A173,1,A191,A201,0,58.916666666666664,26-35,<=12 months,1,1,0
A14,24,A33,A49,2978,A65,A73,4,A93,A101,4,A121,32,A143,A152,2,A173,2,A192,A201,0,124.08333333333333,26-35,13-24 months,1,1,0
A14,15,A32,A41,4657,A61,A73,3,A93,A101,2,A123,30,A143,A152,1,A173,1,A192,A201,0,310.46666666666664,26-35,13-24 months,0,0,0
A14,36,A30,A45,2613,A61,A73,4,A93,A101,2,A123,27,A143,A152,2,A173,1,A191,A201,0,72.58333333333333,26-35,25-36 months,1,1,0
A12,48,A32,A43,10961,A64,A74,1,A93,A102,2,A124,27,A141,A152,2,A173,1,A192,A201,1,228.35416666666666,26-35,37-60 months,0,1,1
A11,12,A32,A42,7865,A61,A75,4,A93,A101,4,A124,53,A143,A153,1,A174,1,A192,A201,1,655.4166666666666,51-65,<=12 months,1,0,1
A14,9,A32,A43,1478,A61,A74,4,A93,A101,2,A123,22,A143,A152,1,A173,1,A191,A201,1,164.22222222222223,18-25,<=12 months,1,0,1
A11,24,A32,A42,3149,A61,A72,4,A93,A101,1,A124,22,A141,A153,1,A173,1,A191,A201,0,131.20833333333334,18-25,13-24 months,1,0,0
A13,36,A32,A43,4210,A61,A73,4,A93,A101,2,A123,26,A143,A152,1,A173,1,A191,A201,1,116.94444444444444,26-35,25-36 months,1,0,0
A14,9,A32,A40,2507,A63,A75,2,A93,A101,4,A124,51,A143,A153,1,A172,1,A191,A201,0,278.55555555555554,51-65,<=12 months,0,0,1
A14,12,A32,A43,2141,A62,A74,3,A93,A101,1,A124,35,A143,A152,1,A173,1,A191,A201,0,178.41666666666666,26-35,<=12 months,0,0,1
A12,18,A32,A43,866,A61,A73,4,A94,A103,2,A121,25,A143,A152,1,A172,1,A191,A201,0,48.111111111111114,18-25,13-24 months,1,0,0
A14,4,A34,A43,1544,A61,A74,2,A93,A101,1,A121,42,A143,A152,3,A172,2,A191,A201,0,386.0,36-50,<=12 months,0,1,1
A11,24,A32,A43,1823,A61,A71,4,A93,A101,2,A123,30,A142,A152,1,A174,2,A191,A201,1,75.95833333333333,26-35,13-24 months,1,0,0
A12,6,A32,A40,14555,A65,A71,1,A93,A101,2,A122,23,A143,A152,1,A171,1,A192,A201,1,2425.8333333333335,18-25,<=12 months,0,0,0
A12,21,A32,A49,2767,A62,A75,4,A91,A101,2,A123,61,A141,A151,2,A172,1,A191,A201,1,131.76190476190476,51-65,13-24 months,1,1,1
A14,12,A34,A43,1291,A61,A73,4,A92,A101,2,A122,35,A143,A152,2,A173,1,A191,A201,0,107.58333333333333,26-35,<=12 months,1,1,0
A11,30,A32,A43,2522,A61,A75,1,A93,A103,3,A122,39,A143,A152,1,A173,2,A191,A201,0,84.06666666666666,36-50,25-36 months,0,0,1
A11,24,A32,A40,915,A65,A75,4,A92,A101,2,A123,29,A141,A152,1,A173,1,A191,A201,1,38.125,26-35,13-24 months,1,0,1
A14,6,A32,A43,1595,A61,A74,3,A93,A101,2,A122,51,A143,A152,1,A173,2,A191,A201,0,265.8333333333333,51-65,<=12 months,0,0,1
A11,48,A30,A41,4605,A61,A75,3,A93,A101,4,A124,24,A143,A153,2,A173,2,A191,A201,1,95.9375,18-25,37-60 months,0,1,1
A14,12,A34,A49,1185,A61,A73,3,A92,A101,2,A121,27,A143,A152,2,A173,1,A191,A201,0,98.75,26-35,<=12 months,0,1,0
A14,12,A31,A48,3447,A63,A73,4,A92,A101,3,A121,35,A143,A152,1,A172,2,A191,A201,0,287.25,26-35,<=12 months,1,0,0
A14,24,A32,A49,1258,A61,A74,4,A93,A101,1,A121,25,A143,A152,1,A173,1,A192,A201,0,52.416666666666664,18-25,13-24 months,1,0,1
A14,12,A34,A43,717,A61,A75,4,A93,A101,4,A121,52,A143,A152,3,A173,1,A191,A201,0,59.75,51-65,<=12 months,1,1,1
A14,6,A30,A40,1204,A62,A73,4,A93,A101,1,A124,35,A141,A151,1,A173,1,A191,A202,0,200.66666666666666,26-35,<=12 months,1,0,0
A13,24,A32,A42,1925,A61,A73,2,A93,A101,2,A121,26,A143,A152,1,A173,1,A191,A201,0,80.20833333333333,26-35,13-24 months,0,0,0
A14,18,A32,A43,433,A61,A71,3,A92,A102,4,A121,22,A143,A151,1,A173,1,A191,A201,1,24.055555555555557,18-25,13-24 months,0,0,0
A11,6,A34,A40,666,A64,A74,3,A92,A101,4,A121,39,A143,A152,2,A172,1,A192,A201,0,111.0,36-50,<=12 months,0,1,1
A13,12,A32,A42,2251,A61,A73,1,A92,A101,2,A123,46,A143,A152,1,A172,1,A191,A201,0,187.58333333333334,36-50,<=12 months,0,0,0
A12,30,A32,A40,2150,A61,A73,4,A92,A103,2,A124,24,A141,A152,1,A173,1,A191,A201,1,71.66666666666667,18-25,25-36 months,1,0,0
A14,24,A33,A42,4151,A62,A73,2,A93,A101,3,A122,35,A143,A152,2,A173,1,A191,A201,0,172.95833333333334,26-35,13-24 months,0,1,0
A12,9,A32,A42,2030,A65,A74,2,A93,A101,1,A123,24,A143,A152,1,A173,1,A192,A201,0,225.55555555555554,18-25,<=12 months,0,0,1
A12,60,A33,A43,7418,A65,A73,1,A93,A101,1,A121,27,A143,A152,1,A172,1,A191,A201,0,123.63333333333334,26-35,37-60 months,0,0,0
A14,24,A34,A43,2684,A61,A73,4,A93,A101,2,A121,35,A143,A152,2,A172,1,A191,A201,0,111.83333333333333,26-35,13-24 months,1,1,0
A11,12,A31,A43,2149,A61,A73,4,A91,A101,1,A124,29,A143,A153,1,A173,1,A191,A201,1,179.08333333333334,26-35,<=12 months,1,0,0
A14,15,A32,A41,3812,A62,A72,1,A92,A101,4,A123,23,A143,A152,1,A173,1,A192,A201,0,254.13333333333333,18-25,13-24 months,0,0,0
A14,11,A34,A43,1154,A62,A71,4,A92,A101,4,A121,57,A143,A152,3,A172,1,A191,A201,0,104.9090909090909,51-65,<=12 months,1,1,0
A11,12,A32,A42,1657,A61,A73,2,A93,A101,2,A121,27,A143,A152,1,A173,1,A191,A201,0,138.08333333333334,26-35,<=12 months,0,0,0
A11,24,A32,A43,1603,A61,A75,4,A92,A101,4,A123,55,A143,A152,1,A173,1,A191,A201,0,66.79166666666667,51-65,13-24 months,1,0,1
A11,18,A34,A40,5302,A61,A75,2,A93,A101,4,A124,36,A143,A153,3,A174,1,A192,A201,0,294.55555555555554,36-50,13-24 months,0,1,1
A14,12,A34,A46,2748,A61,A75,2,A92,A101,4,A124,57,A141,A153,3,A172,1,A191,A201,0,229.0,51-65,<=12 months,0,1,1
A14,10,A34,A40,1231,A61,A75,3,A93,A101,4,A121,32,A143,A152,2,A172,2,A191,A202,0,123.1,26-35,<=12 months,0,1,1
A12,15,A32,A43,802,A61,A75,4,A93,A101,3,A123,37,A143,A152,1,A173,2,A191,A201,1,53.46666666666667,36-50,13-24 months,1,0,1
A14,36,A34,A49,6304,A65,A75,4,A93,A101,4,A121,36,A143,A152,2,A173,1,A191,A201,0,175.11111111111111,36-50,25-36 months,1,1,1
A14,24,A32,A43,1533,A61,A72,4,A92,A101,3,A123,38,A142,A152,1,A173,1,A192,A201,0,63.875,36-50,13-24 months,1,0,0
A11,14,A32,A40,8978,A61,A75,1,A91,A101,4,A122,45,A143,A152,1,A174,1,A192,A202,1,641.2857142857143,36-50,13-24 months,0,0,1
A14,24,A32,A43,999,A65,A75,4,A93,A101,2,A123,25,A143,A152,2,A173,1,A191,A201,0,41.625,18-25,13-24 months,1,1,1
A14,18,A32,A40,2662,A65,A74,4,A93,A101,3,A122,32,A143,A152,1,A173,1,A191,A202,0,147.88888888888889,26-35,13-24 months,1,0,1
A14,12,A34,A42,1402,A63,A74,3,A92,A101,4,A123,37,A143,A151,1,A173,1,A192,A201,0,116.83333333333333,36-50,<=12 months,0,0,1
A12,48,A31,A40,12169,A65,A71,4,A93,A102,4,A124,36,A143,A153,1,A174,1,A192,A201,0,253.52083333333334,36-50,37-60 months,1,0,0
A12,48,A32,A43,3060,A61,A74,4,A93,A101,4,A121,28,A143,A152,2,A173,1,A191,A201,1,63.75,26-35,37-60 months,1,1,1
A11,30,A32,A45,11998,A61,A72,1,A91,A101,1,A124,34,A143,A152,1,A172,1,A192,A201,1,399.93333333333334,26-35,25-36 months,0,0,0
A14,9,A32,A43,2697,A61,A73,1,A93,A101,2,A121,32,A143,A152,1,A173,2,A191,A201,0,299.6666666666667,26-35,<=12 months,0,0,0
A14,18,A34,A43,2404,A61,A73,2,A92,A101,2,A123,26,A143,A152,2,A173,1,A191,A201,0,133.55555555555554,26-35,13-24 months,0,1,0
A11,12,A32,A42,1262,A65,A75,2,A91,A101,4,A122,49,A143,A152,1,A172,1,A192,A201,0,105.16666666666667,36-50,<=12 months,0,0,1
A14,6,A32,A42,4611,A61,A72,1,A92,A101,4,A122,32,A143,A152,1,A173,1,A191,A201,1,768.5,26-35,<=12 months,0,0,0
A14,24,A32,A43,1901,A62,A73,4,A93,A101,4,A123,29,A143,A151,1,A174,1,A192,A201,0,79.20833333333333,26-35,13-24 months,1,0,0
A14,15,A34,A41,3368,A64,A75,3,A93,A101,4,A124,23,A143,A151,2,A173,1,A192,A201,0,224.53333333333333,18-25,13-24 months,0,1,1
A14,12,A32,A42,1574,A61,A73,4,A93,A101,2,A121,50,A143,A152,1,A173,1,A191,A201,0,131.16666666666666,36-50,<=12 months,1,0,0
A13,18,A31,A43,1445,A65,A74,4,A93,A101,4,A123,49,A141,A152,1,A172,1,A191,A201,0,80.27777777777777,36-50,13-24 months,1,0,1
A14,15,A34,A42,1520,A65,A75,4,A93,A101,4,A122,63,A143,A152,1,A173,1,A191,A201,0,101.33333333333333,51-65,13-24 months,1,0,1
A12,24,A34,A40,3878,A62,A72,4,A91,A101,2,A123,37,A143,A152,1,A173,1,A192,A201,0,161.58333333333334,36-50,13-24 months,1,0,0
A11,47,A32,A40,10722,A61,A72,1,A92,A101,1,A121,35,A143,A152,1,A172,1,A192,A201,0,228.12765957446808,26-35,37-60 months,0,0,0
A11,48,A32,A41,4788,A61,A74,4,A93,A101,3,A122,26,A143,A152,1,A173,2,A191,A201,0,99.75,26-35,37-60 months,1,0,1
A12,48,A33,A410,7582,A62,A71,2,A93,A101,4,A124,31,A143,A153,1,A174,1,A192,A201,0,157.95833333333334,26-35,37-60 months,0,0,0
A12,12,A32,A43,1092,A61,A73,4,A92,A103,4,A121,49,A143,A152,2,A173,1,A192,A201,0,91.0,36-50,<=12 months,1,1,0
A11,24,A33,A43,1024,A61,A72,4,A94,A101,4,A121,48,A142,A152,1,A173,1,A191,A201,1,42.666666666666664,36-50,13-24 months,1,0,0
A14,12,A32,A49,1076,A61,A73,2,A94,A101,2,A121,26,A143,A152,1,A173,1,A192,A202,0,89.66666666666667,26-35,<=12 months,0,0,0
A12,36,A32,A41,9398,A61,A72,1,A94,A101,4,A123,28,A143,A151,1,A174,1,A192,A201,1,261.05555555555554,26-35,25-36 months,0,0,0
A11,24,A34,A41,6419,A61,A75,2,A92,A101,4,A124,44,A143,A153,2,A174,2,A192,A201,0,267.4583333333333,36-50,13-24 months,0,1,1
A13,42,A34,A41,4796,A61,A75,4,A93,A101,4,A124,56,A143,A153,1,A173,1,A191,A201,0,114.19047619047619,51-65,37-60 months,1,0,1
A14,48,A34,A49,7629,A65,A75,4,A91,A101,2,A123,46,A141,A152,2,A174,2,A191,A201,0,158.9375,36-50,37-60 months,1,1,1
A12,48,A32,A42,9960,A61,A72,1,A92,A101,2,A123,26,A143,A152,1,A173,1,A192,A201,1,207.5,26-35,37-60 months,0,0,0
A14,12,A32,A41,4675,A65,A72,1,A92,A101,4,A123,20,A143,A151,1,A173,1,A191,A201,0,389.5833333333333,18-25,<=12 months,0,0,0
A14,10,A32,A40,1287,A65,A75,4,A93,A102,2,A122,45,A143,A152,1,A172,1,A191,A202,0,128.7,36-50,<=12 months,1,0,1
A14,18,A32,A42,2515,A61,A73,3,A93,A101,4,A121,43,A143,A152,1,A173,1,A192,A201,0,139.72222222222223,36-50,13-24 months,0,0,0
A12,21,A34,A42,2745,A64,A74,3,A93,A101,2,A123,32,A143,A152,2,A173,1,A192,A201,0,130.71428571428572,26-35,13-24 months,0,1,1
A14,6,A32,A40,672,A61,A71,1,A92,A101,4,A121,54,A143,A152,1,A171,1,A192,A201,0,112.0,51-65,<=12 months,0,0,0
A12,36,A30,A43,3804,A61,A73,4,A92,A101,1,A123,42,A143,A152,1,A173,1,A192,A201,1,105.66666666666667,36-50,25-36 months,1,0,0
A13,24,A34,A40,1344,A65,A74,4,A93,A101,2,A121,37,A141,A152,2,A172,2,A191,A201,1,56.0,36-50,13-24 months,1,1,1
A11,10,A34,A40,1038,A61,A74,4,A93,A102,3,A122,49,A143,A152,2,A173,1,A192,A201,0,103.8,36-50,<=12 months,1,1,1
A14,48,A34,A40,10127,A63,A73,2,A93,A101,2,A124,44,A141,A153,1,A173,1,A191,A201,1,210.97916666666666,36-50,37-60 months,0,0,0
A14,6,A32,A42,1543,A64,A73,4,A91,A101,2,A121,33,A143,A152,1,A173,1,A191,A201,0,257.1666666666667,26-35,<=12 months,1,0,0
A14,30,A32,A41,4811,A65,A74,2,A92,A101,4,A122,24,A142,A151,1,A172,1,A191,A201,0,160.36666666666667,18-25,25-36 months,0,0,1
A11,12,A32,A43,727,A62,A72,4,A94,A101,3,A124,33,A143,A152,1,A172,1,A192,A201,1,60.583333333333336,26-35,<=12 months,1,0,0
A12,8,A32,A42,1237,A61,A73,3,A92,A101,4,A121,24,A143,A152,1,A173,1,A191,A201,1,154.625,18-25,<=12 months,0,0,0
A12,9,A32,A40,276,A61,A73,4,A94,A101,4,A121,22,A143,A151,1,A172,1,A191,A201,0,30.666666666666668,18-25,<=12 months,1,0,0
A12,48,A32,A410,5381,A65,A71,3,A93,A101,4,A124,40,A141,A153,1,A171,1,A192,A201,0,112.10416666666667,36-50,37-60 months,0,0,0
A14,24,A32,A42,5511,A62,A73,4,A93,A101,1,A123,25,A142,A152,1,A173,1,A191,A201,0,229.625,18-25,13-24 months,1,0,0
A13,24,A32,A42,3749,A61,A72,2,A92,A101,4,A123,26,A143,A152,1,A173,1,A191,A201,0,156.20833333333334,26-35,13-24 months,0,0,0
A12,12,A32,A40,685,A61,A74,2,A94,A101,3,A123,25,A141,A152,1,A172,1,A191,A201,1,57.083333333333336,18-25,<=12 months,0,0,1
A13,4,A32,A40,1494,A65,A72,1,A93,A101,2,A121,29,A143,A152,1,A172,2,A191,A202,0,373.5,26-35,<=12 months,0,0,0
A11,36,A31,A42,2746,A61,A75,4,A93,A101,4,A123,31,A141,A152,1,A173,1,A191,A201,1,76.27777777777777,26-35,25-36 months,1,0,1
A11,12,A32,A42,708,A61,A73,2,A93,A103,3,A122,38,A143,A152,1,A172,2,A191,A201,0,59.0,36-50,<=12 months,0,0,0
A12,24,A32,A42,4351,A65,A73,1,A92,A101,4,A122,48,A143,A152,1,A172,1,A192,A201,0,181.29166666666666,36-50,13-24 months,0,0,0
A14,12,A34,A46,701,A61,A73,4,A93,A101,2,A123,32,A143,A152,2,A173,1,A191,A201,0,58.416666666666664,26-35,<=12 months,1,1,0
A11,15,A33,A42,3643,A61,A75,1,A92,A101,4,A122,27,A143,A152,2,A172,1,A191,A201,0,242.86666666666667,26-35,13-24 months,0,1,1
A12,30,A34,A40,4249,A61,A71,4,A94,A101,2,A123,28,A143,A152,2,A174,1,A191,A201,1,141.63333333333333,26-35,25-36 months,1,1,0
A11,24,A32,A43,1938,A61,A72,4,A91,A101,3,A122,32,A143,A152,1,A173,1,A191,A201,1,80.75,26-35,13-24 months,1,0,0
A11,24,A32,A41,2910,A61,A74,2,A93,A101,1,A124,34,A143,A153,1,A174,1,A192,A201,0,121.25,26-35,13-24 months,0,0,1
A11,18,A32,A42,2659,A64,A73,4,A93,A101,2,A123,28,A143,A152,1,A173,1,A191,A201,0,147.72222222222223,26-35,13-24 months,1,0,0
A14,18,A34,A40,1028,A61,A73,4,A92,A101,3,A121,36,A143,A152,2,A173,1,A191,A201,0,57.111111111111114,36-50,13-24 months,1,1,0
A11,8,A34,A40,3398,A61,A74,1,A93,A101,4,A121,39,A143,A152,2,A172,1,A191,A202,0,424.75,36-50,<=12 months,0,1,1
A14,12,A34,A42,5801,A65,A75,2,A93,A101,4,A122,49,A143,A151,1,A173,1,A192,A201,0,483.4166666666667,36-50,<=12 months,0,0,1
A14,24,A32,A40,1525,A64,A74,4,A92,A101,3,A123,34,A143,A152,1,A173,2,A192,A201,0,63.541666666666664,26-35,13-24 months,1,0,1
A13,36,A32,A43,4473,A61,A75,4,A93,A101,2,A123,31,A143,A152,1,A173,1,A191,A201,0,124.25,26-35,25-36 months,1,0,1
A12,6,A32,A43,1068,A61,A75,4,A93,A101,4,A123,28,A143,A152,1,A173,2,A191,A201,0,178.0,26-35,<=12 months,1,0,1
A11,24,A34,A41,6615,A61,A71,2,A93,A101,4,A124,75,A143,A153,2,A174,1,A192,A201,0,275.625,65+,13-24 months,0,1,0
A14,18,A34,A46,1864,A62,A73,4,A92,A101,2,A121,30,A143,A152,2,A173,1,A191,A201,1,103.55555555555556,26-35,13-24 months,1,1,0
A12,60,A32,A40,7408,A62,A72,4,A92,A101,2,A122,24,A143,A152,1,A174,1,A191,A201,1,123.46666666666667,18-25,37-60 months,1,0,0
A14,48,A34,A41,11590,A62,A73,2,A92,A101,4,A123,24,A141,A151,2,A172,1,A191,A201,1,241.45833333333334,18-25,37-60 months,0,1,0
A11,24,A30,A42,4110,A61,A75,3,A93,A101,4,A124,23,A141,A151,2,A173,2,A191,A201,1,171.25,18-25,13-24 months,0,1,1
A11,6,A34,A42,3384,A61,A73,1,A91,A101,4,A121,44,A143,A151,1,A174,1,A192,A201,1,564.0,36-50,<=12 months,0,0,0
A12,13,A32,A43,2101,A61,A72,2,A92,A103,4,A122,23,A143,A152,1,A172,1,A191,A201,0,161.6153846153846,18-25,13-24 months,0,0,0
A11,15,A32,A44,1275,A65,A73,4,A92,A101,2,A123,24,A143,A151,1,A173,1,A191,A201,1,85.0,18-25,13-24 months,1,0,0
A11,24,A32,A42,4169,A61,A73,4,A93,A101,4,A122,28,A143,A152,1,A173,1,A191,A201,0,173.70833333333334,26-35,13-24 months,1,0,0
A12,10,A32,A42,1521,A61,A73,4,A91,A101,2,A123,31,A143,A152,1,A172,1,A191,A201,0,152.1,26-35,<=12 months,1,0,0
A12,24,A34,A46,5743,A61,A72,2,A92,A101,4,A124,24,A143,A153,2,A173,1,A192,A201,0,239.29166666666666,18-25,13-24 months,0,1,0
A11,21,A32,A42,3599,A61,A74,1,A92,A101,4,A123,26,A143,A151,1,A172,1,A191,A201,0,171.38095238095238,26-35,13-24 months,0,0,1
A12,18,A32,A43,3213,A63,A72,1,A94,A101,3,A121,25,A143,A151,1,A173,1,A191,A201,0,178.5,18-25,13-24 months,0,0,0
A12,18,A32,A49,4439,A61,A75,1,A93,A102,1,A121,33,A141,A152,1,A174,1,A192,A201,0,246.61111111111111,26-35,13-24 months,0,0,1
A13,10,A32,A40,3949,A61,A72,1,A93,A103,1,A122,37,A143,A152,1,A172,2,A191,A201,0,394.9,36-50,<=12 months,0,0,0
A14,15,A34,A43,1459,A61,A73,4,A92,A101,2,A123,43,A143,A152,1,A172,1,A191,A201,0,97.26666666666667,36-50,13-24 months,1,0,0
A12,13,A34,A43,882,A61,A72,4,A93,A103,4,A121,23,A143,A152,2,A173,1,A191,A201,0,67.84615384615384,18-25,13-24 months,1,1,0
A12,24,A32,A43,3758,A63,A71,1,A92,A101,4,A124,23,A143,A151,1,A171,1,A191,A201,0,156.58333333333334,18-25,13-24 months,0,0,0
A14,6,A33,A49,1743,A62,A73,1,A93,A101,2,A121,34,A143,A152,2,A172,1,A191,A201,0,290.5,26-35,<=12 months,0,1,0
A12,9,A34,A46,1136,A64,A75,4,A93,A101,3,A124,32,A143,A153,2,A173,2,A191,A201,1,126.22222222222223,26-35,<=12 months,1,1,1
A14,9,A32,A44,1236,A61,A72,1,A92,A101,4,A121,23,A143,A151,1,A173,1,A192,A201,0,137.33333333333334,18-25,<=12 months,0,0,0
A12,9,A32,A42,959,A61,A73,1,A92,A101,2,A123,29,A143,A152,1,A173,1,A191,A202,1,106.55555555555556,26-35,<=12 months,0,0,0
A14,18,A34,A41,3229,A65,A71,2,A93,A101,4,A124,38,A143,A152,1,A174,1,A192,A201,0,179.38888888888889,36-50,13-24 months,0,0,0
A11,12,A30,A43,6199,A61,A73,4,A93,A101,2,A122,28,A143,A151,2,A173,1,A192,A201,1,516.5833333333334,26-35,<=12 months,1,1,0
A14,10,A32,A46,727,A63,A75,4,A93,A101,4,A124,46,A143,A153,1,A173,1,A192,A201,0,72.7,36-50,<=12 months,1,0,1
A12,24,A32,A40,1246,A61,A72,4,A93,A101,2,A121,23,A142,A152,1,A172,1,A191,A201,1,51.916666666666664,18-25,13-24 months,1,0,0
A14,12,A34,A43,2331,A65,A75,1,A93,A102,4,A121,49,A143,A152,1,A173,1,A192,A201,0,194.25,36-50,<=12 months,0,0,1
A14,36,A33,A43,4463,A61,A73,4,A93,A101,2,A123,26,A143,A152,2,A174,1,A192,A201,1,123.97222222222223,26-35,25-36 months,1,1,0
A14,12,A32,A43,776,A61,A73,4,A94,A101,2,A121,28,A143,A152,1,A173,1,A191,A201,0,64.66666666666667,26-35,<=12 months,1,0,0
A11,30,A32,A42,2406,A61,A74,4,A92,A101,4,A121,23,A143,A151,1,A173,1,A191,A201,1,80.2,18-25,25-36 months,1,0,1
A12,18,A32,A46,1239,A65,A73,4,A93,A101,4,A124,61,A143,A153,1,A173,1,A191,A201,0,68.83333333333333,51-65,13-24 months,1,0,0
A13,12,A32,A43,3399,A65,A75,2,A93,A101,3,A123,37,A143,A152,1,A174,1,A191,A201,0,283.25,36-50,<=12 months,0,0,1
A13,12,A33,A40,2247,A61,A73,2,A92,A101,2,A123,36,A142,A152,2,A173,1,A192,A201,0,187.25,36-50,<=12 months,0,1,0
A14,6,A32,A42,1766,A61,A73,1,A94,A101,2,A122,21,A143,A151,1,A173,1,A191,A201,0,294.3333333333333,18-25,<=12 months,0,0,0
A11,18,A32,A42,2473,A61,A71,4,A93,A101,1,A123,25,A143,A152,1,A171,1,A191,A201,1,137.38888888888889,18-25,13-24 months,1,0,0
A14,12,A32,A49,1542,A61,A74,2,A93,A101,4,A123,36,A143,A152,1,A173,1,A192,A201,0,128.5,36-50,<=12 months,0,0,1
A14,18,A34,A41,3850,A61,A74,3,A93,A101,1,A123,27,A143,A152,2,A173,1,A191,A201,0,213.88888888888889,26-35,13-24 months,0,1,1
A11,18,A32,A42,3650,A61,A72,1,A92,A101,4,A123,22,A143,A151,1,A173,1,A191,A201,0,202.77777777777777,18-25,13-24 months,0,0,0
A11,36,A32,A42,3446,A61,A75,4,A93,A101,2,A123,42,A143,A152,1,A173,2,A191,A201,1,95.72222222222223,36-50,25-36 months,1,0,1
A12,18,A32,A42,3001,A61,A74,2,A92,A101,4,A121,40,A143,A151,1,A173,1,A191,A201,0,166.72222222222223,36-50,13-24 months,0,0,1
A14,36,A32,A40,3079,A65,A73,4,A93,A101,4,A121,36,A143,A152,1,A173,1,A191,A201,0,85.52777777777777,36-50,25-36 months,1,0,0
A14,18,A34,A43,6070,A61,A75,3,A93,A101,4,A123,33,A143,A152,2,A173,1,A192,A201,0,337.22222222222223,26-35,13-24 months,0,1,1
A14,10,A34,A42,2146,A61,A72,1,A92,A101,3,A121,23,A143,A151,2,A173,1,A191,A201,0,214.6,18-25,<=12 months,0,1,0
A14,60,A34,A40,13756,A65,A75,2,A93,A101,4,A124,63,A141,A153,1,A174,1,A192,A201,0,229.26666666666668,51-65,37-60 months,0,0,1
A12,60,A31,A410,14782,A62,A75,3,A92,A101,4,A124,60,A141,A153,2,A174,1,A192,A201,1,246.36666666666667,51-65,37-60 months,0,1,1
A11,48,A31,A49,7685,A61,A74,2,A92,A103,4,A123,37,A143,A151,1,A173,1,A191,A201,1,160.10416666666666,36-50,37-60 months,0,0,1
A14,18,A33,A43,2320,A61,A71,2,A94,A101,3,A121,34,A143,A152,2,A173,1,A191,A201,0,128.88888888888889,26-35,13-24 months,0,1,0
A14,7,A33,A43,846,A65,A75,3,A93,A101,4,A124,36,A143,A153,1,A173,1,A191,A201,0,120.85714285714286,36-50,<=12 months,0,0,1
A12,36,A32,A40,14318,A61,A75,4,A93,A101,2,A124,57,A143,A153,1,A174,1,A192,A201,1,397.72222222222223,51-65,25-36 months,1,0,1
A14,6,A34,A40,362,A62,A73,4,A92,A101,4,A123,52,A143,A152,2,A172,1,A191,A201,0,60.333333333333336,51-65,<=12 months,1,1,0
A11,20,A32,A42,2212,A65,A74,4,A93,A101,4,A123,39,A143,A152,1,A173,1,A192,A201,0,110.6,36-50,13-24 months,1,0,1
A12,18,A32,A41,12976,A61,A71,3,A92,A101,4,A124,38,A143,A153,1,A174,1,A192,A201,1,720.8888888888889,36-50,13-24 months,0,0,0
A14,22,A32,A40,1283,A65,A74,4,A92,A101,4,A122,25,A143,A151,1,A173,1,A191,A201,0,58.31818181818182,18-25,13-24 months,1,0,1
A13,12,A32,A40,1330,A61,A72,4,A93,A101,1,A121,26,A143,A152,1,A173,1,A191,A201,0,110.83333333333333,26-35,<=12 months,1,0,0
A14,30,A33,A49,4272,A62,A73,2,A93,A101,2,A122,26,A143,A152,2,A172,1,A191,A201,0,142.4,26-35,25-36 months,0,1,0
A14,18,A34,A43,2238,A61,A73,2,A92,A101,1,A123,25,A143,A152,2,A173,1,A191,A201,0,124.33333333333333,18-25,13-24 months,0,1,0
A14,18,A32,A43,1126,A65,A72,4,A92,A101,2,A121,21,A143,A151,1,A173,1,A192,A201,0,62.55555555555556,18-25,13-24 months,1,0,0
A12,18,A34,A42,7374,A61,A71,4,A93,A101,4,A122,40,A142,A152,2,A174,1,A192,A201,0,409.6666666666667,36-50,13-24 months,1,1,0
A12,15,A34,A49,2326,A63,A73,2,A93,A101,4,A123,27,A141,A152,1,A173,1,A191,A201,0,155.06666666666666,26-35,13-24 months,0,0,0
A14,9,A32,A49,1449,A61,A74,3,A92,A101,2,A123,27,A143,A152,2,A173,1,A191,A201,0,161.0,26-35,<=12 months,0,1,1
A14,18,A32,A40,1820,A61,A73,2,A94,A101,2,A122,30,A143,A152,1,A174,1,A192,A201,0,101.11111111111111,26-35,13-24 months,0,0,0
A12,12,A32,A42,983,A64,A72,1,A92,A101,4,A121,19,A143,A151,1,A172,1,A191,A201,0,81.91666666666667,18-25,<=12 months,0,0,0
A11,36,A32,A40,3249,A61,A74,2,A93,A101,4,A124,39,A141,A153,1,A174,2,A192,A201,0,90.25,36-50,25-36 months,0,0,1
A11,6,A34,A43,1957,A61,A74,1,A92,A101,4,A123,31,A143,A152,1,A173,1,A191,A201,0,326.1666666666667,26-35,<=12 months,0,0,1
A14,9,A34,A42,2406,A61,A71,2,A93,A101,3,A123,31,A143,A152,1,A174,1,A191,A201,0,267.3333333333333,26-35,<=12 months,0,0,0
A12,39,A33,A46,11760,A62,A74,2,A93,A101,3,A124,32,A143,A151,1,A173,1,A192,A201,0,301.53846153846155,26-35,37-60 months,0,0,1
A11,12,A32,A42,2578,A61,A71,3,A92,A101,4,A124,55,A143,A153,1,A174,1,A191,A201,0,214.83333333333334,51-65,<=12 months,0,0,0
A11,36,A34,A42,2348,A61,A73,3,A94,A101,2,A122,46,A143,A152,2,A173,1,A192,A201,0,65.22222222222223,36-50,25-36 months,0,1,0
A12,12,A32,A40,1223,A61,A75,1,A91,A101,1,A121,46,A143,A151,2,A173,1,A191,A201,1,101.91666666666667,36-50,<=12 months,0,1,1
A14,24,A34,A43,1516,A64,A73,4,A92,A101,1,A121,43,A143,A152,2,A172,1,A191,A201,0,63.166666666666664,36-50,13-24 months,1,1,0
A14,18,A32,A43,1473,A61,A72,3,A94,A101,4,A121,39,A143,A152,1,A173,1,A192,A201,0,81.83333333333333,36-50,13-24 months,0,0,0
A12,18,A34,A49,1887,A65,A73,4,A94,A101,4,A121,28,A141,A152,2,A173,1,A191,A201,0,104.83333333333333,26-35,13-24 months,1,1,0
A14,24,A33,A49,8648,A61,A72,2,A93,A101,2,A123,27,A141,A152,2,A173,1,A192,A201,1,360.3333333333333,26-35,13-24 months,0,1,0
A14,14,A33,A40,802,A61,A73,4,A93,A101,2,A123,27,A143,A152,2,A172,1,A191,A201,0,57.285714285714285,26-35,13-24 months,1,1,0
A12,18,A33,A40,2899,A65,A75,4,A93,A101,4,A123,43,A143,A152,1,A173,2,A191,A201,0,161.05555555555554,36-50,13-24 months,1,0,1
A12,24,A32,A43,2039,A61,A72,1,A94,A101,1,A122,22,A143,A152,1,A173,1,A192,A201,1,84.95833333333333,18-25,13-24 months,0,0,0
A14,24,A34,A41,2197,A65,A74,4,A93,A101,4,A123,43,A143,A152,2,A173,2,A192,A201,0,91.54166666666667,36-50,13-24 months,1,1,1
A11,15,A32,A43,1053,A61,A72,4,A94,A101,2,A121,27,A143,A152,1,A173,1,A191,A202,0,70.2,26-35,13-24 months,1,0,0
A14,24,A32,A43,3235,A63,A75,3,A91,A101,2,A123,26,A143,A152,1,A174,1,A192,A201,0,134.79166666666666,26-35,13-24 months,0,0,1
A13,12,A34,A40,939,A63,A74,4,A94,A101,2,A121,28,A143,A152,3,A173,1,A192,A201,1,78.25,26-35,<=12 months,1,1,1
A12,24,A32,A43,1967,A61,A75,4,A92,A101,4,A123,20,A143,A152,1,A173,1,A192,A201,0,81.95833333333333,18-25,13-24 months,1,0,1
A14,33,A34,A41,7253,A61,A74,3,A93,A101,2,A123,35,A143,A152,2,A174,1,A192,A201,0,219.78787878787878,26-35,25-36 months,0,1,1
A14,12,A34,A49,2292,A61,A71,4,A93,A101,2,A123,42,A142,A152,2,A174,1,A192,A201,1,191.0,36-50,<=12 months,1,1,0
A14,10,A32,A40,1597,A63,A73,3,A93,A101,2,A124,40,A143,A151,1,A172,2,A191,A202,0,159.7,36-50,<=12 months,0,0,0
A11,24,A32,A40,1381,A65,A73,4,A92,A101,2,A122,35,A143,A152,1,A173,1,A191,A201,1,57.541666666666664,26-35,13-24 months,1,0,0
A14,36,A34,A41,5842,A61,A75,2,A93,A101,2,A122,35,A143,A152,2,A173,2,A192,A201,0,162.27777777777777,26-35,25-36 months,0,1,1
A11,12,A32,A40,2579,A61,A72,4,A93,A101,1,A121,33,A143,A152,1,A172,2,A191,A201,1,214.91666666666666,26-35,<=12 months,1,0,0
A11,18,A33,A46,8471,A65,A73,1,A92,A101,2,A123,23,A143,A151,2,A173,1,A192,A201,0,470.6111111111111,18-25,13-24 months,0,1,0
A14,21,A32,A40,2782,A63,A74,1,A92,A101,2,A123,31,A141,A152,1,A174,1,A191,A201,0,132.47619047619048,26-35,13-24 months,0,0,1
A12,18,A32,A40,1042,A65,A73,4,A92,A101,2,A122,33,A143,A152,1,A173,1,A191,A201,1,57.888888888888886,26-35,13-24 months,1,0,0
A14,15,A32,A40,3186,A64,A74,2,A92,A101,3,A123,20,A143,A151,1,A173,1,A191,A201,0,212.4,18-25,13-24 months,0,0,1
A12,12,A32,A41,2028,A65,A73,4,A93,A101,2,A123,30,A143,A152,1,A173,1,A191,A201,0,169.0,26-35,<=12 months,1,0,0
A12,12,A34,A40,958,A61,A74,2,A93,A101,3,A121,47,A143,A152,2,A172,2,A191,A201,0,79.83333333333333,36-50,<=12 months,0,1,1
A14,21,A33,A42,1591,A62,A74,4,A93,A101,3,A121,34,A143,A152,2,A174,1,A191,A201,0,75.76190476190476,26-35,13-24 months,1,1,1
A12,12,A32,A42,2762,A65,A75,1,A92,A101,2,A122,25,A141,A152,1,A173,1,A192,A201,1,230.16666666666666,18-25,<=12 months,0,0,1
A12,18,A32,A41,2779,A61,A73,1,A94,A101,3,A123,21,A143,A151,1,A173,1,A192,A201,0,154.38888888888889,18-25,13-24 months,0,0,0
A14,28,A34,A43,2743,A61,A75,4,A93,A101,2,A123,29,A143,A152,2,A173,1,A191,A201,0,97.96428571428571,26-35,25-36 months,1,1,1
A14,18,A34,A43,1149,A64,A73,4,A93,A101,3,A121,46,A143,A152,2,A173,1,A191,A201,0,63.833333333333336,36-50,13-24 months,1,1,0
A14,9,A32,A42,1313,A61,A75,1,A93,A101,4,A123,20,A143,A152,1,A173,1,A191,A201,0,145.88888888888889,18-25,<=12 months,0,0,1
A11,18,A34,A45,1190,A61,A71,2,A92,A101,4,A124,55,A143,A153,3,A171,2,A191,A201,1,66.11111111111111,51-65,13-24 months,0,1,0
A14,5,A32,A49,3448,A61,A74,1,A93,A101,4,A121,74,A143,A152,1,A172,1,A191,A201,0,689.6,65+,<=12 months,0,0,1
A12,24,A32,A410,11328,A61,A73,2,A93,A102,3,A123,29,A141,A152,2,A174,1,A192,A201,1,472.0,26-35,13-24 months,0,1,0
A11,6,A34,A42,1872,A61,A71,4,A93,A101,4,A124,36,A143,A153,3,A174,1,A192,A201,0,312.0,36-50,<=12 months,1,1,0
A14,24,A34,A45,2058,A61,A73,4,A91,A101,2,A121,33,A143,A152,2,A173,1,A192,A201,0,85.75,26-35,13-24 months,1,1,0
A11,9,A32,A42,2136,A61,A73,3,A93,A101,2,A121,25,A143,A152,1,A173,1,A191,A201,0,237.33333333333334,18-25,<=12 months,0,0,0
A12,12,A32,A43,1484,A65,A73,2,A94,A101,1,A121,25,A143,A152,1,A173,1,A192,A201,1,123.66666666666667,18-25,<=12 months,0,0,0
A14,6,A32,A45,660,A63,A74,2,A94,A101,4,A121,23,A143,A151,1,A172,1,A191,A201,0,110.0,18-25,<=12 months,0,0,1
A14,24,A34,A40,1287,A64,A75,4,A92,A101,4,A121,37,A143,A152,2,A173,1,A192,A201,0,53.625,36-50,13-24 months,1,1,1
A11,42,A34,A45,3394,A61,A71,4,A93,A102,4,A123,65,A143,A152,2,A171,1,A191,A201,0,80.80952380952381,51-65,37-60 months,1,1,0
A13,12,A31,A49,609,A61,A72,4,A92,A101,1,A121,26,A143,A152,1,A171,1,A191,A201,1,50.75,26-35,<=12 months,1,0,0
A14,12,A32,A40,1884,A61,A75,4,A93,A101,4,A123,39,A143,A152,1,A174,1,A192,A201,0,157.0,36-50,<=12 months,1,0,1
A11,12,A32,A42,1620,A61,A73,2,A92,A102,3,A122,30,A143,A152,1,A173,1,A191,A201,0,135.0,26-35,<=12 months,0,0,0
A12,20,A33,A410,2629,A61,A73,2,A93,A101,3,A123,29,A141,A152,2,A173,1,A192,A201,0,131.45,26-35,13-24 months,0,1,0
A14,12,A32,A46,719,A61,A75,4,A93,A101,4,A123,41,A141,A152,1,A172,2,A191,A201,1,59.916666666666664,36-50,<=12 months,1,0,1
A12,48,A34,A42,5096,A61,A73,2,A92,A101,3,A123,30,A143,A152,1,A174,1,A192,A201,1,106.16666666666667,26-35,37-60 months,0,0,0
A14,9,A34,A46,1244,A65,A75,4,A92,A101,4,A122,41,A143,A151,2,A172,1,A191,A201,0,138.22222222222223,36-50,<=12 months,1,1,1
A11,36,A32,A40,1842,A61,A72,4,A92,A101,4,A123,34,A143,A152,1,A173,1,A192,A201,1,51.166666666666664,26-35,25-36 months,1,0,0
A12,7,A32,A43,2576,A61,A73,2,A93,A103,2,A121,35,A143,A152,1,A173,1,A191,A201,0,368.0,26-35,<=12 months,0,0,0
A13,12,A32,A42,1424,A65,A75,3,A92,A101,4,A121,55,A143,A152,1,A174,1,A192,A201,0,118.66666666666667,51-65,<=12 months,0,0,1
A12,15,A33,A45,1512,A64,A73,3,A94,A101,3,A122,61,A142,A152,2,A173,1,A191,A201,1,100.8,51-65,13-24 months,0,1,0
A14,36,A34,A41,11054,A65,A73,4,A93,A101,2,A123,30,A143,A152,1,A174,1,A192,A201,0,307.05555555555554,26-35,25-36 months,1,0,0
A14,6,A32,A43,518,A61,A73,3,A92,A101,1,A121,29,A143,A152,1,A173,1,A191,A201,0,86.33333333333333,26-35,<=12 months,0,0,0
A14,12,A30,A42,2759,A61,A75,2,A93,A101,4,A122,34,A143,A152,2,A173,1,A191,A201,0,229.91666666666666,26-35,<=12 months,0,1,1
A14,24,A32,A41,2670,A61,A75,4,A93,A101,4,A123,35,A143,A152,1,A174,1,A192,A201,0,111.25,26-35,13-24 months,1,0,1
A11,24,A32,A40,4817,A61,A74,2,A93,A102,3,A122,31,A143,A152,1,A173,1,A192,A201,1,200.70833333333334,26-35,13-24 months,0,0,1
A14,24,A32,A41,2679,A61,A72,4,A92,A101,1,A124,29,A143,A152,1,A174,1,A192,A201,0,111.625,26-35,13-24 months,1,0,0
A11,11,A34,A40,3905,A61,A73,2,A93,A101,2,A121,36,A143,A151,2,A173,2,A191,A201,0,355.0,36-50,<=12 months,0,1,0
A11,12,A32,A41,3386,A61,A75,3,A93,A101,4,A124,35,A143,A153,1,A173,1,A192,A201,1,282.1666666666667,26-35,<=12 months,0,0,1
A11,6,A32,A44,343,A61,A72,4,A92,A101,1,A121,27,A143,A152,1,A173,1,A191,A201,0,57.166666666666664,26-35,<=12 months,1,0,0
A14,18,A32,A43,4594,A61,A72,3,A93,A101,2,A123,32,A143,A152,1,A173,1,A192,A201,0,255.22222222222223,26-35,13-24 months,0,0,0
A11,36,A32,A42,3620,A61,A73,1,A93,A103,2,A122,37,A143,A152,1,A173,2,A191,A201,0,100.55555555555556,36-50,25-36 months,0,0,0
A11,15,A32,A40,1721,A61,A72,2,A93,A101,3,A121,36,A143,A152,1,A173,1,A191,A201,0,114.73333333333333,36-50,13-24 months,0,0,0
A12,12,A32,A42,3017,A61,A72,3,A92,A101,1,A121,34,A143,A151,1,A174,1,A191,A201,0,251.41666666666666,26-35,<=12 months,0,0,0
A12,12,A32,A48,754,A65,A75,4,A93,A101,4,A122,38,A143,A152,2,A173,1,A191,A201,0,62.833333333333336,36-50,<=12 months,1,1,1
A14,18,A32,A49,1950,A61,A74,4,A93,A101,1,A123,34,A142,A152,2,A173,1,A192,A201,0,108.33333333333333,26-35,13-24 months,1,1,1
A11,24,A32,A41,2924,A61,A73,3,A93,A103,4,A124,63,A141,A152,1,A173,2,A192,A201,0,121.83333333333333,51-65,13-24 months,0,0,0
A11,24,A33,A43,1659,A61,A72,4,A92,A101,2,A123,29,A143,A151,1,A172,1,A192,A201,1,69.125,26-35,13-24 months,1,0,0
A14,48,A33,A43,7238,A65,A75,3,A93,A101,3,A123,32,A141,A152,2,A173,2,A191,A201,0,150.79166666666666,26-35,37-60 months,0,1,1
A14,33,A33,A49,2764,A61,A73,2,A92,A101,2,A123,26,A143,A152,2,A173,1,A192,A201,0,83.75757575757575,26-35,25-36 months,0,1,0
A14,24,A33,A41,4679,A61,A74,3,A93,A101,3,A123,35,A143,A152,2,A172,1,A192,A201,0,194.95833333333334,26-35,13-24 months,0,1,1
A12,24,A32,A43,3092,A62,A72,3,A94,A101,2,A123,22,A143,A151,1,A173,1,A192,A201,1,128.83333333333334,18-25,13-24 months,0,0,0
A11,6,A32,A46,448,A61,A72,4,A92,A101,4,A122,23,A143,A152,1,A173,1,A191,A201,1,74.66666666666667,18-25,<=12 months,1,0,0
A11,9,A32,A40,654,A61,A73,4,A93,A101,3,A123,28,A143,A152,1,A172,1,A191,A201,1,72.66666666666667,26-35,<=12 months,1,0,0
A14,6,A32,A48,1238,A65,A71,4,A93,A101,4,A122,36,A143,A152,1,A174,2,A192,A201,0,206.33333333333334,36-50,<=12 months,1,0,0
A12,18,A34,A43,1245,A61,A73,4,A94,A101,2,A123,33,A143,A152,1,A173,1,A191,A201,1,69.16666666666667,26-35,13-24 months,1,0,0
A11,18,A30,A42,3114,A61,A72,1,A92,A101,4,A122,26,A143,A151,1,A173,1,A191,A201,1,173.0,26-35,13-24 months,0,0,0
A14,39,A32,A41,2569,A63,A73,4,A93,A101,4,A123,24,A143,A152,1,A173,1,A191,A201,0,65.87179487179488,18-25,37-60 months,1,0,0
A13,24,A32,A43,5152,A61,A74,4,A93,A101,2,A123,25,A141,A152,1,A173,1,A191,A201,0,214.66666666666666,18-25,13-24 months,1,0,1
A12,12,A32,A49,1037,A62,A74,3,A93,A101,4,A121,39,A143,A152,1,A172,1,A191,A201,0,86.41666666666667,36-50,<=12 months,0,0,1
A11,15,A34,A42,1478,A61,A75,4,A93,A101,4,A123,44,A143,A152,2,A173,2,A192,A201,0,98.53333333333333,36-50,13-24 months,1,1,1
A12,12,A34,A43,3573,A61,A73,1,A92,A101,1,A121,23,A143,A152,1,A172,1,A191,A201,0,297.75,18-25,<=12 months,0,0,0
A12,24,A32,A40,1201,A61,A72,4,A93,A101,1,A122,26,A143,A152,1,A173,1,A191,A201,0,50.041666666666664,26-35,13-24 months,1,0,0
A11,30,A32,A42,3622,A64,A75,4,A92,A101,4,A122,57,A143,A151,2,A173,1,A192,A201,0,120.73333333333333,51-65,25-36 months,1,1,1
A14,15,A33,A42,960,A64,A74,3,A92,A101,2,A122,30,A143,A152,2,A173,1,A191,A201,0,64.0,26-35,13-24 months,0,1,1
A14,12,A34,A40,1163,A63,A73,4,A93,A101,4,A121,44,A143,A152,1,A173,1,A192,A201,0,96.91666666666667,36-50,<=12 months,1,0,0
A12,6,A33,A40,1209,A61,A71,4,A93,A101,4,A122,47,A143,A152,1,A174,1,A192,A201,1,201.5,36-50,<=12 months,1,0,0
A14,12,A32,A43,3077,A61,A73,2,A93,A101,4,A123,52,A143,A152,1,A173,1,A192,A201,0,256.4166666666667,51-65,<=12 months,0,0,0
A14,24,A32,A40,3757,A61,A75,4,A92,A102,4,A124,62,A143,A153,1,A173,1,A192,A201,0,156.54166666666666,51-65,13-24 months,1,0,1
A14,10,A32,A40,1418,A62,A73,3,A93,A101,2,A121,35,A143,A151,1,A172,1,A191,A202,0,141.8,26-35,<=12 months,0,0,0
A14,6,A32,A40,3518,A61,A73,2,A93,A103,3,A122,26,A143,A151,1,A173,1,A191,A201,0,586.3333333333334,26-35,<=12 months,0,0,0
A14,12,A34,A43,1934,A61,A75,2,A93,A101,2,A124,26,A143,A152,2,A173,1,A191,A201,0,161.16666666666666,26-35,<=12 months,0,1,1
A12,27,A30,A49,8318,A61,A75,2,A92,A101,4,A124,42,A143,A153,2,A174,1,A192,A201,1,308.0740740740741,36-50,25-36 months,0,1,1
A14,6,A34,A43,1237,A62,A73,1,A92,A101,1,A122,27,A143,A152,2,A173,1,A191,A201,0,206.16666666666666,26-35,<=12 months,0,1,0
A12,6,A32,A43,368,A65,A75,4,A93,A101,4,A122,38,A143,A152,1,A173,1,A191,A201,0,61.333333333333336,36-50,<=12 months,1,0,1
A11,12,A34,A40,2122,A61,A73,3,A93,A101,2,A121,39,A143,A151,2,A172,2,A191,A202,0,176.83333333333334,36-50,<=12 months,0,1,0
A11,24,A32,A42,2996,A65,A73,2,A94,A101,4,A123,20,A143,A152,1,A173,1,A191,A201,1,124.83333333333333,18-25,13-24 months,0,0,0
A12,36,A32,A42,9034,A62,A72,4,A93,A102,1,A124,29,A143,A151,1,A174,1,A192,A201,1,250.94444444444446,26-35,25-36 months,1,0,0
A14,24,A34,A42,1585,A61,A74,4,A93,A101,3,A122,40,A143,A152,2,A173,1,A191,A201,0,66.04166666666667,36-50,13-24 months,1,1,1
A12,18,A32,A43,1301,A61,A75,4,A94,A103,2,A121,32,A143,A152,1,A172,1,A191,A201,0,72.27777777777777,26-35,13-24 months,1,0,1
A13,6,A34,A40,1323,A62,A75,2,A91,A101,4,A123,28,A143,A152,2,A173,2,A192,A201,0,220.5,26-35,<=12 months,0,1,1
A11,24,A32,A40,3123,A61,A72,4,A92,A101,1,A122,27,A143,A152,1,A173,1,A191,A201,1,130.125,26-35,13-24 months,1,0,0
A11,36,A32,A41,5493,A61,A75,2,A93,A101,4,A124,42,A143,A153,1,A173,2,A191,A201,0,152.58333333333334,36-50,25-36 months,0,0,1
A13,9,A32,A43,1126,A62,A75,2,A91,A101,4,A121,49,A143,A152,1,A173,1,A191,A201,0,125.11111111111111,36-50,<=12 months,0,0,1
A12,24,A34,A43,1216,A62,A72,4,A93,A101,4,A124,38,A141,A152,2,A173,2,A191,A201,1,50.666666666666664,36-50,13-24 months,1,1,0
A11,24,A32,A40,1207,A61,A72,4,A92,A101,4,A122,24,A143,A151,1,A173,1,A191,A201,1,50.291666666666664,18-25,13-24 months,1,0,0
A14,10,A32,A40,1309,A65,A73,4,A93,A103,4,A122,27,A143,A152,1,A172,1,A191,A201,1,130.9,26-35,<=12 months,1,0,0
A13,15,A34,A41,2360,A63,A73,2,A93,A101,2,A123,36,A143,A152,1,A173,1,A192,A201,0,157.33333333333334,36-50,13-24 months,0,0,0
A12,15,A31,A40,6850,A62,A71,1,A93,A101,2,A122,34,A143,A152,1,A174,2,A192,A201,1,456.6666666666667,26-35,13-24 months,0,0,0
A14,24,A32,A43,1413,A61,A73,4,A94,A101,2,A122,28,A143,A152,1,A173,1,A191,A201,0,58.875,26-35,13-24 months,1,0,0
A14,39,A32,A41,8588,A62,A75,4,A93,A101,2,A123,45,A143,A152,1,A174,1,A192,A201,0,220.2051282051282,36-50,37-60 months,1,0,1
A11,12,A32,A40,759,A61,A74,4,A93,A101,2,A121,26,A143,A152,1,A173,1,A191,A201,1,63.25,26-35,<=12 months,1,0,1
A14,36,A32,A41,4686,A61,A73,2,A93,A101,2,A124,32,A143,A153,1,A174,1,A192,A201,0,130.16666666666666,26-35,25-36 months,0,0,0
A13,15,A32,A49,2687,A61,A74,2,A93,A101,4,A122,26,A143,A151,1,A173,1,A192,A201,0,179.13333333333333,26-35,13-24 months,0,0,1
A12,12,A33,A43,585,A61,A73,4,A94,A102,4,A121,20,A143,A151,2,A173,1,A191,A201,0,48.75,18-25,<=12 months,1,1,0
A14,24,A32,A40,2255,A65,A72,4,A93,A101,1,A122,54,A143,A152,1,A173,1,A191,A201,0,93.95833333333333,51-65,13-24 months,1,0,0
A11,6,A34,A40,609,A61,A74,4,A92,A101,3,A122,37,A143,A152,2,A173,1,A191,A202,0,101.5,36-50,<=12 months,1,1,1
A11,6,A34,A40,1361,A61,A72,2,A93,A101,4,A121,40,A143,A152,1,A172,2,A191,A202,0,226.83333333333334,36-50,<=12 months,0,0,0
A14,36,A34,A42,7127,A61,A72,2,A92,A101,4,A122,23,A143,A151,2,A173,1,A192,A201,1,197.97222222222223,18-25,25-36 months,0,1,0
A11,6,A32,A40,1203,A62,A75,3,A93,A101,2,A122,43,A143,A152,1,A173,1,A192,A201,0,200.5,36-50,<=12 months,0,0,1
A14,6,A34,A43,700,A65,A75,4,A93,A101,4,A124,36,A143,A153,2,A173,1,A191,A201,0,116.66666666666667,36-50,<=12 months,1,1,1
A14,24,A34,A45,5507,A61,A75,3,A93,A101,4,A124,44,A143,A153,2,A173,1,A191,A201,0,229.45833333333334,36-50,13-24 months,0,1,1
A11,18,A32,A43,3190,A61,A73,2,A92,A101,2,A121,24,A143,A152,1,A173,1,A191,A201,1,177.22222222222223,18-25,13-24 months,0,0,0
A11,48,A30,A42,7119,A61,A73,3,A93,A101,4,A124,53,A143,A153,2,A173,2,A191,A201,1,148.3125,51-65,37-60 months,0,1,0
A14,24,A32,A41,3488,A62,A74,3,A92,A101,4,A123,23,A143,A152,1,A173,1,A191,A201,0,145.33333333333334,18-25,13-24 months,0,0,1
A12,18,A32,A43,1113,A61,A73,4,A92,A103,4,A121,26,A143,A152,1,A172,2,A191,A201,0,61.833333333333336,26-35,13-24 months,1,0,0
A12,26,A32,A41,7966,A61,A72,2,A93,A101,3,A123,30,A143,A152,2,A173,1,A191,A201,0,306.38461538461536,26-35,25-36 months,0,1,0
A14,15,A34,A46,1532,A62,A73,4,A92,A101,3,A123,31,A143,A152,1,A173,1,A191,A201,0,102.13333333333334,26-35,13-24 months,1,0,0
A14,4,A34,A43,1503,A61,A74,2,A93,A101,1,A121,42,A143,A152,2,A172,2,A191,A201,0,375.75,36-50,<=12 months,0,1,1
A11,36,A32,A43,2302,A61,A73,4,A91,A101,4,A123,31,A143,A151,1,A173,1,A191,A201,1,63.94444444444444,26-35,25-36 months,1,0,0
A11,6,A32,A40,662,A61,A72,3,A93,A101,4,A121,41,A143,A152,1,A172,2,A192,A201,0,110.33333333333333,36-50,<=12 months,0,0,0
A12,36,A32,A46,2273,A61,A74,3,A93,A101,1,A123,32,A143,A152,2,A173,2,A191,A201,0,63.138888888888886,26-35,25-36 months,0,1,1
A12,15,A32,A40,2631,A62,A73,2,A92,A101,4,A123,28,A143,A151,2,A173,1,A192,A201,1,175.4,26-35,13-24 months,0,1,0
A14,12,A33,A41,1503,A61,A73,4,A94,A101,4,A121,41,A143,A151,1,A173,1,A191,A201,0,125.25,36-50,<=12 months,1,0,0
A14,24,A32,A43,1311,A62,A74,4,A94,A101,3,A122,26,A143,A152,1,A173,1,A192,A201,0,54.625,26-35,13-24 months,1,0,1
A14,24,A32,A43,3105,A65,A72,4,A93,A101,2,A123,25,A143,A152,2,A173,1,A191,A201,0,129.375,18-25,13-24 months,1,1,0
A13,21,A34,A46,2319,A61,A72,2,A91,A101,1,A123,33,A143,A151,1,A173,1,A191,A201,1,110.42857142857143,26-35,13-24 months,0,0,0
A11,6,A32,A40,1374,A65,A71,4,A92,A101,3,A122,75,A143,A152,1,A174,1,A192,A201,0,229.0,65+,<=12 months,1,0,0
A12,18,A34,A42,3612,A61,A75,3,A92,A101,4,A122,37,A143,A152,1,A173,1,A192,A201,0,200.66666666666666,36-50,13-24 months,0,0,1
A11,48,A32,A40,7763,A61,A75,4,A93,A101,4,A124,42,A141,A153,1,A174,1,A191,A201,1,161.72916666666666,36-50,37-60 months,1,0,1
A13,18,A32,A42,3049,A61,A72,1,A92,A101,1,A122,45,A142,A152,1,A172,1,A191,A201,0,169.38888888888889,36-50,13-24 months,0,0,0
A12,12,A32,A43,1534,A61,A72,1,A94,A101,1,A121,23,A143,A151,1,A173,1,A191,A201,1,127.83333333333333,18-25,<=12 months,0,0,0
A14,24,A33,A40,2032,A61,A75,4,A93,A101,4,A124,60,A143,A153,2,A173,1,A192,A201,0,84.66666666666667,51-65,13-24 months,1,1,1
A11,30,A32,A42,6350,A65,A75,4,A93,A101,4,A122,31,A143,A152,1,A173,1,A191,A201,1,211.66666666666666,26-35,25-36 months,1,0,1
A13,18,A32,A42,2864,A61,A73,2,A93,A101,1,A121,34,A143,A152,1,A172,2,A191,A201,1,159.11111111111111,26-35,13-24 months,0,0,0
A14,12,A34,A40,1255,A61,A75,4,A93,A101,4,A121,61,A143,A152,2,A172,1,A191,A201,0,104.58333333333333,51-65,<=12 months,1,1,1
A11,24,A33,A40,1333,A61,A71,4,A93,A101,2,A121,43,A143,A153,2,A173,2,A191,A201,1,55.541666666666664,36-50,13-24 months,1,1,0
A14,24,A34,A40,2022,A61,A73,4,A92,A101,4,A123,37,A143,A152,1,A173,1,A192,A201,0,84.25,36-50,13-24 months,1,0,0
A14,24,A32,A43,1552,A61,A74,3,A93,A101,1,A123,32,A141,A152,1,A173,2,A191,A201,0,64.66666666666667,26-35,13-24 months,0,0,1
A11,12,A31,A43,626,A61,A73,4,A92,A101,4,A121,24,A141,A152,1,A172,1,A191,A201,1,52.166666666666664,18-25,<=12 months,1,0,0
A14,48,A34,A41,8858,A65,A74,2,A93,A101,1,A124,35,A143,A153,2,A173,1,A192,A201,0,184.54166666666666,26-35,37-60 months,0,1,1
A14,12,A34,A45,996,A65,A74,4,A92,A101,4,A121,23,A143,A152,2,A173,1,A191,A201,0,83.0,18-25,<=12 months,1,1,1
A14,6,A31,A43,1750,A63,A75,2,A93,A101,4,A122,45,A141,A152,1,A172,2,A191,A201,0,291.6666666666667,36-50,<=12 months,0,0,1
A11,48,A32,A43,6999,A61,A74,1,A94,A103,1,A121,34,A143,A152,2,A173,1,A192,A201,1,145.8125,26-35,37-60 months,0,1,1
A12,12,A34,A40,1995,A62,A72,4,A93,A101,1,A123,27,A143,A152,1,A173,1,A191,A201,0,166.25,26-35,<=12 months,1,0,0
A12,9,A32,A46,1199,A61,A74,4,A92,A101,4,A122,67,A143,A152,2,A174,1,A192,A201,0,133.22222222222223,65+,<=12 months,1,1,1
A12,12,A32,A43,1331,A61,A72,2,A93,A101,1,A123,22,A142,A152,1,A173,1,A191,A201,1,110.91666666666667,18-25,<=12 months,0,0,0
A12,18,A30,A40,2278,A62,A72,3,A92,A101,3,A123,28,A143,A152,2,A173,1,A191,A201,1,126.55555555555556,26-35,13-24 months,0,1,0
A14,21,A30,A40,5003,A65,A73,1,A92,A101,4,A122,29,A141,A152,2,A173,1,A192,A201,1,238.23809523809524,26-35,13-24 months,0,1,0
A11,24,A31,A42,3552,A61,A74,3,A93,A101,4,A123,27,A141,A152,1,A173,1,A191,A201,1,148.0,26-35,13-24 months,0,0,1
A12,18,A34,A42,1928,A61,A72,2,A93,A101,2,A121,31,A143,A152,2,A172,1,A191,A201,1,107.11111111111111,26-35,13-24 months,0,1,0
A11,24,A32,A41,2964,A65,A75,4,A93,A101,4,A124,49,A141,A153,1,A173,2,A192,A201,0,123.5,36-50,13-24 months,1,0,1
A11,24,A31,A43,1546,A61,A74,4,A93,A103,4,A123,24,A141,A151,1,A172,1,A191,A201,1,64.41666666666667,18-25,13-24 months,1,0,1
A13,6,A33,A43,683,A61,A72,2,A92,A101,1,A122,29,A141,A152,1,A173,1,A191,A201,0,113.83333333333333,26-35,<=12 months,0,0,0
A12,36,A32,A40,12389,A65,A73,1,A93,A101,4,A124,37,A143,A153,1,A173,1,A192,A201,1,344.1388888888889,36-50,25-36 months,0,0,0
A12,24,A33,A49,4712,A65,A73,4,A93,A101,2,A122,37,A141,A152,2,A174,1,A192,A201,0,196.33333333333334,36-50,13-24 months,1,1,0
A12,24,A33,A43,1553,A62,A74,3,A92,A101,2,A122,23,A143,A151,2,A173,1,A192,A201,0,64.70833333333333,18-25,13-24 months,0,1,1
A11,12,A32,A40,1372,A61,A74,2,A91,A101,3,A123,36,A143,A152,1,A173,1,A191,A201,1,114.33333333333333,36-50,<=12 months,0,0,1
A14,24,A34,A43,2578,A64,A75,2,A93,A101,2,A123,34,A143,A152,1,A173,1,A191,A201,0,107.41666666666667,26-35,13-24 months,0,0,1
A12,48,A32,A43,3979,A65,A74,4,A93,A101,1,A123,41,A143,A152,2,A173,2,A192,A201,0,82.89583333333333,36-50,37-60 months,1,1,1
A11,48,A32,A43,6758,A61,A73,3,A92,A101,2,A123,31,A143,A152,1,A173,1,A192,A201,1,140.79166666666666,26-35,37-60 months,0,0,0
A11,24,A32,A42,3234,A61,A72,4,A92,A101,4,A121,23,A143,A151,1,A172,1,A192,A201,1,134.75,18-25,13-24 months,1,0,0
A14,30,A34,A43,5954,A61,A74,3,A93,A102,2,A123,38,A143,A152,1,A173,1,A191,A201,0,198.46666666666667,36-50,25-36 months,0,0,1
A14,24,A32,A41,5433,A65,A71,2,A92,A101,4,A122,26,A143,A151,1,A174,1,A192,A201,0,226.375,26-35,13-24 months,0,0,0
A11,15,A32,A49,806,A61,A73,4,A92,A101,4,A122,22,A143,A152,1,A172,1,A191,A201,0,53.733333333333334,18-25,13-24 months,1,0,0
A12,9,A32,A43,1082,A61,A75,4,A93,A101,4,A123,27,A143,A152,2,A172,1,A191,A201,0,120.22222222222223,26-35,<=12 months,1,1,1
A14,15,A34,A42,2788,A61,A74,2,A92,A102,3,A123,24,A141,A152,2,A173,1,A191,A201,0,185.86666666666667,18-25,13-24 months,0,1,1
A12,12,A32,A43,2930,A61,A74,2,A92,A101,1,A121,27,A143,A152,1,A173,1,A191,A201,0,244.16666666666666,26-35,<=12 months,0,0,1
A14,24,A34,A46,1927,A65,A73,3,A92,A101,2,A123,33,A143,A152,2,A173,1,A192,A201,0,80.29166666666667,26-35,13-24 months,0,1,0
A12,36,A34,A40,2820,A61,A72,4,A91,A101,4,A123,27,A143,A152,2,A173,1,A191,A201,1,78.33333333333333,26-35,25-36 months,1,1,0
A14,24,A32,A48,937,A61,A72,4,A94,A101,3,A123,27,A143,A152,2,A172,1,A191,A201,0,39.041666666666664,26-35,13-24 months,1,1,0
A12,18,A34,A40,1056,A61,A75,3,A93,A103,3,A121,30,A141,A152,2,A173,1,A191,A201,1,58.666666666666664,26-35,13-24 months,0,1,1
A12,12,A34,A40,3124,A61,A72,1,A93,A101,3,A121,49,A141,A152,2,A172,2,A191,A201,0,260.3333333333333,36-50,<=12 months,0,1,0
A14,9,A32,A42,1388,A61,A73,4,A92,A101,2,A121,26,A143,A151,1,A173,1,A191,A201,0,154.22222222222223,26-35,<=12 months,1,0,0
A12,36,A32,A45,2384,A61,A72,4,A93,A101,1,A124,33,A143,A151,1,A172,1,A191,A201,1,66.22222222222223,26-35,25-36 months,1,0,0
A14,12,A32,A40,2133,A65,A75,4,A92,A101,4,A124,52,A143,A153,1,A174,1,A192,A201,0,177.75,51-65,<=12 months,1,0,1
A11,18,A32,A42,2039,A61,A73,1,A92,A101,4,A121,20,A141,A151,1,A173,1,A191,A201,1,113.27777777777777,18-25,13-24 months,0,0,0
A11,9,A34,A40,2799,A61,A73,2,A93,A101,2,A121,36,A143,A151,2,A173,2,A191,A201,0,311.0,36-50,<=12 months,0,1,0
A11,12,A32,A42,1289,A61,A73,4,A93,A103,1,A122,21,A143,A152,1,A172,1,A191,A201,0,107.41666666666667,18-25,<=12 months,1,0,0
A11,18,A32,A44,1217,A61,A73,4,A94,A101,3,A121,47,A143,A152,1,A172,1,A192,A201,1,67.61111111111111,36-50,13-24 months,1,0,0
A11,12,A34,A42,2246,A61,A75,3,A93,A101,3,A122,60,A143,A152,2,A173,1,A191,A201,1,187.16666666666666,51-65,<=12 months,0,1,1
A11,12,A34,A43,385,A61,A74,4,A92,A101,3,A121,58,A143,A152,4,A172,1,A192,A201,0,32.083333333333336,51-65,<=12 months,1,1,1
A12,24,A33,A40,1965,A65,A73,4,A92,A101,4,A123,42,A143,A151,2,A173,1,A192,A201,0,81.875,36-50,13-24 months,1,1,0
A14,21,A32,A49,1572,A64,A75,4,A92,A101,4,A121,36,A141,A152,1,A172,1,A191,A201,0,74.85714285714286,36-50,13-24 months,1,0,1
A12,24,A32,A40,2718,A61,A73,3,A92,A101,4,A122,20,A143,A151,1,A172,1,A192,A201,1,113.25,18-25,13-24 months,0,0,0
A11,24,A31,A410,1358,A65,A75,4,A93,A101,3,A123,40,A142,A152,1,A174,1,A192,A201,1,56.583333333333336,36-50,13-24 months,1,0,1
A12,6,A31,A40,931,A62,A72,1,A92,A101,1,A122,32,A142,A152,1,A172,1,A191,A201,1,155.16666666666666,26-35,<=12 months,0,0,0
A11,24,A32,A40,1442,A61,A74,4,A92,A101,4,A123,23,A143,A151,2,A173,1,A191,A201,1,60.083333333333336,18-25,13-24 months,1,1,1
A12,24,A30,A49,4241,A61,A73,1,A93,A101,4,A121,36,A143,A152,3,A172,1,A192,A201,1,176.70833333333334,36-50,13-24 months,0,1,0
A14,18,A34,A40,2775,A61,A74,2,A93,A101,2,A122,31,A141,A152,2,A173,1,A191,A201,1,154.16666666666666,26-35,13-24 months,0,1,1
A14,24,A33,A49,3863,A61,A73,1,A93,A101,2,A124,32,A143,A153,1,A173,1,A191,A201,0,160.95833333333334,26-35,13-24 months,0,0,0
A12,7,A32,A43,2329,A61,A72,1,A92,A103,1,A121,45,A143,A152,1,A173,1,A191,A201,0,332.7142857142857,36-50,<=12 months,0,0,0
A12,9,A32,A42,918,A61,A73,4,A92,A101,1,A122,30,A143,A152,1,A173,1,A191,A201,1,102.0,26-35,<=12 months,1,0,0
A12,24,A31,A46,1837,A61,A74,4,A92,A101,4,A124,34,A141,A153,1,A172,1,A191,A201,1,76.54166666666667,26-35,13-24 months,1,0,1
A14,36,A32,A42,3349,A61,A73,4,A92,A101,2,A123,28,A143,A152,1,A174,1,A192,A201,1,93.02777777777777,26-35,25-36 months,1,0,0
A13,10,A32,A42,1275,A61,A72,4,A92,A101,2,A122,23,A143,A152,1,A173,1,A191,A201,0,127.5,18-25,<=12 months,1,0,0
A11,24,A31,A42,2828,A63,A73,4,A93,A101,4,A121,22,A142,A152,1,A173,1,A192,A201,0,117.83333333333333,18-25,13-24 months,1,0,0
A14,24,A34,A49,4526,A61,A73,3,A93,A101,2,A121,74,A143,A152,1,A174,1,A192,A201,0,188.58333333333334,65+,13-24 months,0,0,0
A12,36,A32,A43,2671,A62,A73,4,A92,A102,4,A124,50,A143,A153,1,A173,1,A191,A201,1,74.19444444444444,36-50,25-36 months,1,0,0
A14,18,A32,A43,2051,A61,A72,4,A93,A101,1,A121,33,A143,A152,1,A173,1,A191,A201,0,113.94444444444444,26-35,13-24 months,1,0,0
A14,15,A32,A41,1300,A65,A75,4,A93,A101,4,A124,45,A141,A153,1,A173,2,A191,A201,0,86.66666666666667,36-50,13-24 months,1,0,1
A11,12,A32,A44,741,A62,A71,4,A92,A101,3,A122,22,A143,A152,1,A173,1,A191,A201,1,61.75,18-25,<=12 months,1,0,0
A13,10,A32,A40,1240,A62,A75,1,A92,A101,4,A124,48,A143,A153,1,A172,2,A191,A201,1,124.0,36-50,<=12 months,0,0,1
A11,21,A32,A43,3357,A64,A72,4,A92,A101,2,A123,29,A141,A152,1,A173,1,A191,A201,0,159.85714285714286,26-35,13-24 months,1,0,0
A11,24,A31,A41,3632,A61,A73,1,A92,A103,4,A123,22,A141,A151,1,A173,1,A191,A202,0,151.33333333333334,18-25,13-24 months,0,0,0
A14,18,A33,A42,1808,A61,A74,4,A92,A101,1,A121,22,A143,A152,1,A173,1,A191,A201,1,100.44444444444444,18-25,13-24 months,1,0,1
A12,48,A30,A49,12204,A65,A73,2,A93,A101,2,A123,48,A141,A152,1,A174,1,A192,A201,0,254.25,36-50,37-60 months,0,0,0
A12,60,A33,A43,9157,A65,A73,2,A93,A101,2,A124,27,A143,A153,1,A174,1,A191,A201,0,152.61666666666667,26-35,37-60 months,0,0,0
A11,6,A34,A40,3676,A61,A73,1,A93,A101,3,A121,37,A143,A151,3,A173,2,A191,A201,0,612.6666666666666,36-50,<=12 months,0,1,0
A12,30,A32,A42,3441,A62,A73,2,A92,A102,4,A123,21,A143,A151,1,A173,1,A191,A201,1,114.7,18-25,25-36 months,0,0,0
A14,12,A32,A40,640,A61,A73,4,A91,A101,2,A121,49,A143,A152,1,A172,1,A191,A201,0,53.333333333333336,36-50,<=12 months,1,0,0
A12,21,A34,A49,3652,A61,A74,2,A93,A101,3,A122,27,A143,A152,2,A173,1,A191,A201,0,173.9047619047619,26-35,13-24 months,0,1,1
A14,18,A34,A40,1530,A61,A73,3,A93,A101,2,A122,32,A141,A152,2,A173,1,A191,A201,1,85.0,26-35,13-24 months,0,1,0
A14,48,A32,A49,3914,A65,A73,4,A91,A101,2,A121,38,A141,A152,1,A173,1,A191,A201,1,81.54166666666667,36-50,37-60 months,1,0,0
A11,12,A32,A42,1858,A61,A72,4,A92,A101,1,A123,22,A143,A151,1,A173,1,A191,A201,0,154.83333333333334,18-25,<=12 months,1,0,0
A11,18,A32,A43,2600,A61,A73,4,A93,A101,4,A124,65,A143,A153,2,A173,1,A191,A201,1,144.44444444444446,51-65,13-24 months,1,1,0
A14,15,A32,A43,1979,A65,A75,4,A93,A101,2,A123,35,A143,A152,1,A173,1,A191,A201,0,131.93333333333334,26-35,13-24 months,1,0,1
A13,6,A32,A42,2116,A61,A73,2,A93,A101,2,A121,41,A143,A152,1,A173,1,A192,A201,0,352.6666666666667,36-50,<=12 months,0,0,0
A12,9,A31,A40,1437,A62,A74,2,A93,A101,3,A124,29,A143,A152,1,A173,1,A191,A201,1,159.66666666666666,26-35,<=12 months,0,0,1
A14,42,A34,A42,4042,A63,A73,4,A93,A101,4,A121,36,A143,A152,2,A173,1,A192,A201,0,96.23809523809524,36-50,37-60 months,1,1,0
A14,9,A32,A46,3832,A65,A75,1,A93,A101,4,A121,64,A143,A152,1,A172,1,A191,A201,0,425.77777777777777,51-65,<=12 months,0,0,1
A11,24,A32,A43,3660,A61,A73,2,A92,A101,4,A123,28,A143,A152,1,A173,1,A191,A201,0,152.5,26-35,13-24 months,0,0,0
A11,18,A31,A42,1553,A61,A73,4,A93,A101,3,A123,44,A141,A152,1,A173,1,A191,A201,1,86.27777777777777,36-50,13-24 months,1,0,0
A12,15,A32,A43,1444,A65,A72,4,A93,A101,1,A122,23,A143,A152,1,A173,1,A191,A201,0,96.26666666666667,18-25,13-24 months,1,0,0
A14,9,A32,A42,1980,A61,A72,2,A92,A102,2,A123,19,A143,A151,2,A173,1,A191,A201,1,220.0,18-25,<=12 months,0,1,0
A12,24,A32,A40,1355,A61,A72,3,A92,A101,4,A123,25,A143,A152,1,A172,1,A192,A201,1,56.458333333333336,18-25,13-24 months,0,0,0
A14,12,A32,A46,1393,A61,A75,4,A93,A101,4,A122,47,A141,A152,3,A173,2,A192,A201,0,116.08333333333333,36-50,<=12 months,1,1,1
A14,24,A32,A43,1376,A63,A74,4,A92,A101,1,A123,28,A143,A152,1,A173,1,A191,A201,0,57.333333333333336,26-35,13-24 months,1,0,1
A14,60,A33,A43,15653,A61,A74,2,A93,A101,4,A123,21,A143,A152,2,A173,1,A192,A201,0,260.8833333333333,18-25,37-60 months,0,1,1
A14,12,A32,A43,1493,A61,A72,4,A92,A101,3,A123,34,A143,A152,1,A173,2,A191,A201,0,124.41666666666667,26-35,<=12 months,1,0,0
A11,42,A33,A43,4370,A61,A74,3,A93,A101,2,A122,26,A141,A152,2,A173,2,A192,A201,1,104.04761904761905,26-35,37-60 months,0,1,1
A11,18,A32,A46,750,A61,A71,4,A92,A101,1,A121,27,A143,A152,1,A171,1,A191,A201,1,41.666666666666664,26-35,13-24 months,1,0,0
A12,15,A32,A45,1308,A61,A75,4,A93,A101,4,A123,38,A143,A152,2,A172,1,A191,A201,0,87.2,36-50,13-24 months,1,1,1
A14,15,A32,A46,4623,A62,A73,3,A93,A101,2,A122,40,A143,A152,1,A174,1,A192,A201,1,308.2,36-50,13-24 months,0,0,0
A14,24,A34,A43,1851,A61,A74,4,A94,A103,2,A123,33,A143,A152,2,A173,1,A192,A201,0,77.125,26-35,13-24 months,1,1,1
A11,18,A34,A43,1880,A61,A74,4,A94,A101,1,A122,32,A143,A152,2,A174,1,A192,A201,0,104.44444444444444,26-35,13-24 months,1,1,1
A14,36,A33,A49,7980,A65,A72,4,A93,A101,4,A123,27,A143,A151,2,A173,1,A192,A201,1,221.66666666666666,26-35,25-36 months,1,1,0
A11,30,A30,A42,4583,A61,A73,2,A91,A103,2,A121,32,A143,A152,2,A173,1,A191,A201,0,152.76666666666668,26-35,25-36 months,0,1,0
A14,12,A32,A40,1386,A63,A73,2,A92,A101,2,A122,26,A143,A152,1,A173,1,A191,A201,1,115.5,26-35,<=12 months,0,0,0
A13,24,A32,A40,947,A61,A74,4,A93,A101,3,A124,38,A141,A153,1,A173,2,A191,A201,1,39.458333333333336,36-50,13-24 months,1,0,1
A11,12,A32,A46,684,A61,A73,4,A93,A101,4,A123,40,A143,A151,1,A172,2,A191,A201,1,57.0,36-50,<=12 months,1,0,0
A11,48,A32,A46,7476,A61,A74,4,A93,A101,1,A124,50,A143,A153,1,A174,1,A192,A201,0,155.75,36-50,37-60 months,1,0,1
A12,12,A32,A42,1922,A61,A73,4,A93,A101,2,A122,37,A143,A152,1,A172,1,A191,A201,1,160.16666666666666,36-50,<=12 months,1,0,0
A11,24,A32,A40,2303,A61,A75,4,A93,A102,1,A121,45,A143,A152,1,A173,1,A191,A201,1,95.95833333333333,36-50,13-24 months,1,0,1
A12,36,A33,A40,8086,A62,A75,2,A93,A101,4,A123,42,A143,A152,4,A174,1,A192,A201,1,224.61111111111111,36-50,25-36 months,0,1,1
A14,24,A34,A41,2346,A61,A74,4,A93,A101,3,A123,35,A143,A152,2,A173,1,A192,A201,0,97.75,26-35,13-24 months,1,1,1
A11,14,A32,A40,3973,A61,A71,1,A93,A101,4,A124,22,A143,A153,1,A173,1,A191,A201,0,283.7857142857143,18-25,13-24 months,0,0,0
A12,12,A32,A40,888,A61,A75,4,A93,A101,4,A123,41,A141,A152,1,A172,2,A191,A201,1,74.0,36-50,<=12 months,1,0,1
A14,48,A32,A43,10222,A65,A74,4,A93,A101,3,A123,37,A142,A152,1,A173,1,A192,A201,0,212.95833333333334,36-50,37-60 months,1,0,1
A12,30,A30,A49,4221,A61,A73,2,A92,A101,1,A123,28,A143,A152,2,A173,1,A191,A201,0,140.7,26-35,25-36 months,0,1,0
A12,18,A34,A42,6361,A61,A75,2,A93,A101,1,A124,41,A143,A152,1,A173,1,A192,A201,0,353.3888888888889,36-50,13-24 months,0,0,1
A13,12,A32,A43,1297,A61,A73,3,A94,A101,4,A121,23,A143,A151,1,A173,1,A191,A201,0,108.08333333333333,18-25,<=12 months,0,0,0
A11,12,A32,A40,900,A65,A73,4,A94,A101,2,A123,23,A143,A152,1,A173,1,A191,A201,1,75.0,18-25,<=12 months,1,0,0
A14,21,A32,A42,2241,A61,A75,4,A93,A101,2,A121,50,A143,A152,2,A173,1,A191,A201,0,106.71428571428571,36-50,13-24 months,1,1,1
A12,6,A33,A42,1050,A61,A71,4,A93,A101,1,A122,35,A142,A152,2,A174,1,A192,A201,0,175.0,26-35,<=12 months,1,1,0
A13,6,A34,A46,1047,A61,A73,2,A92,A101,4,A122,50,A143,A152,1,A172,1,A191,A201,0,174.5,36-50,<=12 months,0,0,0
A14,24,A34,A410,6314,A61,A71,4,A93,A102,2,A124,27,A141,A152,2,A174,1,A192,A201,0,263.0833333333333,26-35,13-24 months,1,1,0
A12,30,A31,A42,3496,A64,A73,4,A93,A101,2,A123,34,A142,A152,1,A173,2,A192,A201,0,116.53333333333333,26-35,25-36 months,1,0,0
A14,48,A31,A49,3609,A61,A73,1,A92,A101,1,A121,27,A142,A152,1,A173,1,A191,A201,0,75.1875,26-35,37-60 months,0,0,0
A11,12,A34,A40,4843,A61,A75,3,A93,A102,4,A122,43,A143,A151,2,A173,1,A192,A201,1,403.5833333333333,36-50,<=12 months,0,1,1
A13,30,A34,A43,3017,A61,A75,4,A93,A101,4,A122,47,A143,A152,1,A173,1,A191,A201,0,100.56666666666666,36-50,25-36 months,1,0,1
A14,24,A34,A49,4139,A62,A73,3,A93,A101,3,A122,27,A143,A152,2,A172,1,A192,A201,0,172.45833333333334,26-35,13-24 months,0,1,0
A14,36,A32,A49,5742,A62,A74,2,A93,A101,2,A123,31,A143,A152,2,A173,1,A192,A201,0,159.5,26-35,25-36 months,0,1,1
A14,60,A32,A40,10366,A61,A75,2,A93,A101,4,A122,42,A143,A152,1,A174,1,A192,A201,0,172.76666666666668,36-50,37-60 months,0,0,1
A14,6,A34,A40,2080,A63,A73,1,A94,A101,2,A123,24,A143,A152,1,A173,1,A191,A201,0,346.6666666666667,18-25,<=12 months,0,0,0
A14,21,A33,A49,2580,A63,A72,4,A93,A101,2,A121,41,A141,A152,1,A172,2,A191,A201,1,122.85714285714286,36-50,13-24 months,1,0,0
A14,30,A34,A43,4530,A61,A74,4,A92,A101,4,A123,26,A143,A151,1,A174,1,A192,A201,0,151.0,26-35,25-36 months,1,0,1
A14,24,A34,A42,5150,A61,A75,4,A93,A101,4,A123,33,A143,A152,1,A173,1,A192,A201,0,214.58333333333334,26-35,13-24 months,1,0,1
A12,72,A32,A43,5595,A62,A73,2,A94,A101,2,A123,24,A143,A152,1,A173,1,A191,A201,1,77.70833333333333,18-25,,0,0,0
A11,24,A32,A43,2384,A61,A75,4,A93,A101,4,A121,64,A141,A151,1,A172,1,A191,A201,0,99.33333333333333,51-65,13-24 months,1,0,1
A14,18,A32,A43,1453,A61,A72,3,A92,A101,1,A121,26,A143,A152,1,A173,1,A191,A201,0,80.72222222222223,26-35,13-24 months,0,0,0
A14,6,A32,A46,1538,A61,A72,1,A92,A101,2,A124,56,A143,A152,1,A173,1,A191,A201,0,256.3333333333333,51-65,<=12 months,0,0,0
A14,12,A32,A43,2279,A65,A73,4,A93,A101,4,A124,37,A143,A153,1,A173,1,A192,A201,0,189.91666666666666,36-50,<=12 months,1,0,0
A14,15,A33,A43,1478,A61,A73,4,A94,A101,3,A121,33,A141,A152,2,A173,1,A191,A201,0,98.53333333333333,26-35,13-24 months,1,1,0
A14,24,A34,A43,5103,A61,A72,3,A94,A101,3,A124,47,A143,A153,3,A173,1,A192,A201,0,212.625,36-50,13-24 months,0,1,0
A12,36,A33,A49,9857,A62,A74,1,A93,A101,3,A122,31,A143,A152,2,A172,2,A192,A201,0,273.80555555555554,26-35,25-36 months,0,1,1
A14,60,A32,A40,6527,A65,A73,4,A93,A101,4,A124,34,A143,A153,1,A173,2,A192,A201,0,108.78333333333333,26-35,37-60 months,1,0,0
A13,10,A34,A43,1347,A65,A74,4,A93,A101,2,A122,27,A143,A152,2,A173,1,A192,A201,0,134.7,26-35,<=12 months,1,1,1
A12,36,A33,A40,2862,A62,A75,4,A93,A101,3,A124,30,A143,A153,1,A173,1,A191,A201,0,79.5,26-35,25-36 months,1,0,1
A14,9,A32,A43,2753,A62,A75,3,A93,A102,4,A123,35,A143,A152,1,A173,1,A192,A201,0,305.8888888888889,26-35,<=12 months,0,0,1
A11,12,A32,A40,3651,A64,A73,1,A93,A101,3,A122,31,A143,A152,1,A173,2,A191,A201,0,304.25,26-35,<=12 months,0,0,0
A11,15,A34,A42,975,A61,A73,2,A91,A101,3,A122,25,A143,A152,2,A173,1,A191,A201,0,65.0,18-25,13-24 months,0,1,0
A12,15,A32,A45,2631,A62,A73,3,A92,A101,2,A121,25,A143,A152,1,A172,1,A191,A201,0,175.4,18-25,13-24 months,0,0,0
A12,24,A32,A43,2896,A62,A72,2,A93,A101,1,A123,29,A143,A152,1,A173,1,A191,A201,0,120.66666666666667,26-35,13-24 months,0,0,0
A11,6,A34,A40,4716,A65,A72,1,A93,A101,3,A121,44,A143,A152,2,A172,2,A191,A201,0,786.0,36-50,<=12 months,0,1,0
A14,24,A32,A43,2284,A61,A74,4,A93,A101,2,A123,28,A143,A152,1,A173,1,A192,A201,0,95.16666666666667,26-35,13-24 months,1,0,1
A14,6,A32,A41,1236,A63,A73,2,A93,A101,4,A122,50,A143,A151,1,A173,1,A191,A201,0,206.0,36-50,<=12 months,0,0,0
A12,12,A32,A43,1103,A61,A74,4,A93,A103,3,A121,29,A143,A152,2,A173,1,A191,A202,0,91.91666666666667,26-35,<=12 months,1,1,1
A14,12,A34,A40,926,A61,A71,1,A92,A101,2,A122,38,A143,A152,1,A171,1,A191,A201,0,77.16666666666667,36-50,<=12 months,0,0,0
A14,18,A34,A43,1800,A61,A73,4,A93,A101,2,A123,24,A143,A152,2,A173,1,A191,A201,0,100.0,18-25,13-24 months,1,1,0
A13,15,A32,A46,1905,A61,A75,4,A93,A101,4,A123,40,A143,A151,1,A174,1,A192,A201,0,127.0,36-50,13-24 months,1,0,1
A14,12,A32,A42,1123,A63,A73,4,A92,A101,4,A123,29,A143,A151,1,A172,1,A191,A201,1,93.58333333333333,26-35,<=12 months,1,0,0
A11,48,A34,A41,6331,A61,A75,4,A93,A101,4,A124,46,A143,A153,2,A173,1,A192,A201,1,131.89583333333334,36-50,37-60 months,1,1,1
A13,24,A32,A43,1377,A62,A75,4,A92,A101,2,A124,47,A143,A153,1,A173,1,A192,A201,0,57.375,36-50,13-24 months,1,0,1
A12,30,A33,A49,2503,A62,A75,4,A93,A101,2,A122,41,A142,A152,2,A173,1,A191,A201,0,83.43333333333334,36-50,25-36 months,1,1,1
A12,27,A32,A49,2528,A61,A72,4,A92,A101,1,A122,32,A143,A152,1,A173,2,A192,A201,0,93.62962962962963,26-35,25-36 months,1,0,0
A14,15,A32,A40,5324,A63,A75,1,A92,A101,4,A124,35,A143,A153,1,A173,1,A191,A201,0,354.93333333333334,26-35,13-24 months,0,0,1
A12,48,A32,A40,6560,A62,A74,3,A93,A101,2,A122,24,A143,A152,1,A173,1,A191,A201,1,136.66666666666666,18-25,37-60 months,0,0,1
A12,12,A30,A42,2969,A61,A72,4,A92,A101,3,A122,25,A143,A151,2,A173,1,A191,A201,1,247.41666666666666,18-25,<=12 months,1,1,0
A12,9,A32,A43,1206,A61,A75,4,A92,A101,4,A121,25,A143,A152,1,A173,1,A191,A201,0,134.0,18-25,<=12 months,1,0,1
A12,9,A32,A43,2118,A61,A73,2,A93,A101,2,A121,37,A143,A152,1,A172,2,A191,A201,0,235.33333333333334,36-50,<=12 months,0,0,0
A14,18,A34,A43,629,A63,A75,4,A93,A101,3,A122,32,A141,A152,2,A174,1,A192,A201,0,34.94444444444444,26-35,13-24 months,1,1,1
A11,6,A31,A46,1198,A61,A75,4,A92,A101,4,A124,35,A143,A153,1,A173,1,A191,A201,1,199.66666666666666,26-35,<=12 months,1,0,1
A14,21,A32,A41,2476,A65,A75,4,A93,A101,4,A121,46,A143,A152,1,A174,1,A192,A201,0,117.9047619047619,36-50,13-24 months,1,0,1
A11,9,A34,A43,1138,A61,A73,4,A93,A101,4,A121,25,A143,A152,2,A172,1,A191,A201,0,126.44444444444444,18-25,<=12 months,1,1,0
A12,60,A32,A40,14027,A61,A74,4,A93,A101,2,A124,27,A143,A152,1,A174,1,A192,A201,1,233.78333333333333,26-35,37-60 months,1,0,1
A14,30,A34,A41,7596,A65,A75,1,A93,A101,4,A123,63,A143,A152,2,A173,1,A191,A201,0,253.2,51-65,25-36 months,0,1,1
A14,30,A34,A43,3077,A65,A75,3,A93,A101,2,A123,40,A143,A152,2,A173,2,A192,A201,0,102.56666666666666,36-50,25-36 months,0,1,1
A14,18,A32,A43,1505,A61,A73,4,A93,A101,2,A124,32,A143,A153,1,A174,1,A192,A201,0,83.61111111111111,26-35,13-24 months,1,0,0
A13,24,A34,A43,3148,A65,A73,3,A93,A101,2,A123,31,A143,A152,2,A173,1,A192,A201,0,131.16666666666666,26-35,13-24 months,0,1,0
A12,20,A30,A41,6148,A62,A75,3,A94,A101,4,A123,31,A141,A152,2,A173,1,A192,A201,0,307.4,26-35,13-24 months,0,1,1
A13,9,A30,A43,1337,A61,A72,4,A93,A101,2,A123,34,A143,A152,2,A174,1,A192,A201,1,148.55555555555554,26-35,<=12 months,1,1,0
A12,6,A31,A46,433,A64,A72,4,A92,A101,2,A122,24,A141,A151,1,A173,2,A191,A201,1,72.16666666666667,18-25,<=12 months,1,0,0
A11,12,A32,A40,1228,A61,A73,4,A92,A101,2,A121,24,A143,A152,1,A172,1,A191,A201,1,102.33333333333333,18-25,<=12 months,1,0,0
A12,9,A32,A43,790,A63,A73,4,A92,A101,3,A121,66,A143,A152,1,A172,1,A191,A201,0,87.77777777777777,65+,<=12 months,1,0,0
A14,27,A32,A40,2570,A61,A73,3,A92,A101,3,A121,21,A143,A151,1,A173,1,A191,A201,1,95.18518518518519,18-25,25-36 months,0,0,0
A14,6,A34,A40,250,A64,A73,2,A92,A101,2,A121,41,A141,A152,2,A172,1,A191,A201,0,41.666666666666664,36-50,<=12 months,0,1,0
A14,15,A34,A43,1316,A63,A73,2,A94,A101,2,A122,47,A143,A152,2,A172,1,A191,A201,0,87.73333333333333,36-50,13-24 months,0,1,0
A11,18,A32,A43,1882,A61,A73,4,A92,A101,4,A123,25,A141,A151,2,A173,1,A191,A201,1,104.55555555555556,18-25,13-24 months,1,1,0
A12,48,A31,A49,6416,A61,A75,4,A92,A101,3,A124,59,A143,A151,1,A173,1,A191,A201,1,133.66666666666666,51-65,37-60 months,1,0,1
A13,24,A34,A49,1275,A64,A73,2,A91,A101,4,A121,36,A143,A152,2,A173,1,A192,A201,0,53.125,36-50,13-24 months,0,1,0
A12,24,A33,A43,6403,A61,A72,1,A93,A101,2,A123,33,A143,A152,1,A173,1,A191,A201,0,266.7916666666667,26-35,13-24 months,0,0,0
A11,24,A32,A43,1987,A61,A73,2,A93,A101,4,A121,21,A143,A151,1,A172,2,A191,A201,1,82.79166666666667,18-25,13-24 months,0,0,0
A12,8,A32,A43,760,A61,A74,4,A92,A103,2,A121,44,A143,A152,1,A172,1,A191,A201,0,95.0,36-50,<=12 months,1,0,1
A14,24,A32,A41,2603,A64,A73,2,A92,A101,4,A123,28,A143,A151,1,A173,1,A192,A201,0,108.45833333333333,26-35,13-24 months,0,0,0
A14,4,A34,A40,3380,A61,A74,1,A92,A101,1,A121,37,A143,A152,1,A173,2,A191,A201,0,845.0,36-50,<=12 months,0,0,1
A12,36,A31,A44,3990,A65,A72,3,A92,A101,2,A124,29,A141,A152,1,A171,1,A191,A201,0,110.83333333333333,26-35,25-36 months,0,0,0
A12,24,A32,A41,11560,A61,A73,1,A92,A101,4,A123,23,A143,A151,2,A174,1,A191,A201,1,481.6666666666667,18-25,13-24 months,0,1,0
A11,18,A32,A40,4380,A62,A73,3,A93,A101,4,A123,35,A143,A152,1,A172,2,A192,A201,0,243.33333333333334,26-35,13-24 months,0,0,0
A14,6,A34,A40,6761,A61,A74,1,A93,A101,3,A124,45,A143,A152,2,A174,2,A192,A201,0,1126.8333333333333,36-50,<=12 months,0,1,1
A12,30,A30,A49,4280,A62,A73,4,A92,A101,4,A123,26,A143,A151,2,A172,1,A191,A201,1,142.66666666666666,26-35,25-36 months,1,1,0
A11,24,A31,A40,2325,A62,A74,2,A93,A101,3,A123,32,A141,A152,1,A173,1,A191,A201,0,96.875,26-35,13-24 months,0,0,1
A12,10,A31,A43,1048,A61,A73,4,A93,A101,4,A121,23,A142,A152,1,A172,1,A191,A201,0,104.8,18-25,<=12 months,1,0,0
A14,21,A32,A43,3160,A65,A75,4,A93,A101,3,A122,41,A143,A152,1,A173,1,A192,A201,0,150.47619047619048,36-50,13-24 months,1,0,1
A11,24,A31,A42,2483,A63,A73,4,A93,A101,4,A121,22,A142,A152,1,A173,1,A192,A201,0,103.45833333333333,18-25,13-24 months,1,0,0
A11,39,A34,A42,14179,A65,A74,4,A93,A101,4,A122,30,A143,A152,2,A174,1,A192,A201,0,363.56410256410254,26-35,37-60 months,1,1,1
A11,13,A34,A49,1797,A61,A72,3,A93,A101,1,A122,28,A141,A152,2,A172,1,A191,A201,0,138.23076923076923,26-35,13-24 months,0,1,0
A11,15,A32,A40,2511,A61,A71,1,A92,A101,4,A123,23,A143,A151,1,A173,1,A191,A201,0,167.4,18-25,13-24 months,0,0,0
A11,12,A32,A40,1274,A61,A72,3,A92,A101,1,A121,37,A143,A152,1,A172,1,A191,A201,1,106.16666666666667,36-50,<=12 months,0,0,0
A14,21,A32,A41,5248,A65,A73,1,A93,A101,3,A123,26,A143,A152,1,A173,1,A191,A201,0,249.9047619047619,26-35,13-24 months,0,0,0
A14,15,A32,A41,3029,A61,A74,2,A93,A101,2,A123,33,A143,A152,1,A173,1,A191,A201,0,201.93333333333334,26-35,13-24 months,0,0,1
A11,6,A32,A42,428,A61,A75,2,A92,A101,1,A122,49,A141,A152,1,A173,1,A192,A201,0,71.33333333333333,36-50,<=12 months,0,0,1
A11,18,A32,A40,976,A61,A72,1,A92,A101,2,A123,23,A143,A152,1,A172,1,A191,A201,1,54.22222222222222,18-25,13-24 months,0,0,0
A12,12,A32,A49,841,A62,A74,2,A92,A101,4,A121,23,A143,A151,1,A172,1,A191,A201,0,70.08333333333333,18-25,<=12 months,0,0,1
A14,30,A34,A43,5771,A61,A74,4,A92,A101,2,A123,25,A143,A152,2,A173,1,A191,A201,0,192.36666666666667,18-25,25-36 months,1,1,1
A14,12,A33,A45,1555,A64,A75,4,A93,A101,4,A124,55,A143,A153,2,A173,2,A191,A201,1,129.58333333333334,51-65,<=12 months,1,1,1
A11,24,A32,A40,1285,A65,A74,4,A92,A101,4,A124,32,A143,A151,1,A173,1,A191,A201,1,53.541666666666664,26-35,13-24 months,1,0,1
A13,6,A34,A40,1299,A61,A73,1,A93,A101,1,A121,74,A143,A152,3,A171,2,A191,A202,0,216.5,65+,<=12 months,0,1,0
A13,15,A34,A43,1271,A65,A73,3,A93,A101,4,A124,39,A143,A153,2,A173,1,A192,A201,1,84.73333333333333,36-50,13-24 months,0,1,0
A14,24,A32,A40,1393,A61,A73,2,A93,A103,2,A121,31,A143,A152,1,A173,1,A192,A201,0,58.041666666666664,26-35,13-24 months,0,0,0
A11,12,A34,A40,691,A61,A75,4,A93,A101,3,A122,35,A143,A152,2,A173,1,A191,A201,1,57.583333333333336,26-35,<=12 months,1,1,1
A14,15,A34,A40,5045,A65,A75,1,A92,A101,4,A123,59,A143,A152,1,A173,1,A192,A201,0,336.3333333333333,51-65,13-24 months,0,0,1
A11,18,A34,A42,2124,A61,A73,4,A92,A101,4,A121,24,A143,A151,2,A173,1,A191,A201,1,118.0,18-25,13-24 months,1,1,0
A11,12,A32,A43,2214,A61,A73,4,A93,A101,3,A122,24,A143,A152,1,A172,1,A191,A201,0,184.5,18-25,<=12 months,1,0,0
A14,21,A34,A40,12680,A65,A75,4,A93,A101,4,A124,30,A143,A153,1,A174,1,A192,A201,1,603.8095238095239,26-35,13-24 months,1,0,1
A14,24,A34,A40,2463,A62,A74,4,A94,A101,3,A122,27,A143,A152,2,A173,1,A192,A201,0,102.625,26-35,13-24 months,1,1,1
A12,12,A32,A43,1155,A61,A75,3,A94,A103,3,A121,40,A141,A152,2,A172,1,A191,A201,0,96.25,36-50,<=12 months,0,1,1
A11,30,A32,A42,3108,A61,A72,2,A91,A101,4,A122,31,A143,A152,1,A172,1,A191,A201,1,103.6,26-35,25-36 months,0,0,0
A14,10,A32,A41,2901,A65,A72,1,A92,A101,4,A121,31,A143,A151,1,A173,1,A191,A201,0,290.1,26-35,<=12 months,0,0,0
A12,12,A34,A42,3617,A61,A75,1,A93,A101,4,A123,28,A143,A151,3,A173,1,A192,A201,0,301.4166666666667,26-35,<=12 months,0,1,1
A14,12,A34,A43,1655,A61,A75,2,A93,A101,4,A121,63,A143,A152,2,A172,1,A192,A201,0,137.91666666666666,51-65,<=12 months,0,1,1
A11,24,A32,A41,2812,A65,A75,2,A92,A101,4,A121,26,A143,A151,1,A173,1,A191,A201,0,117.16666666666667,26-35,13-24 months,0,0,1
A11,36,A34,A46,8065,A61,A73,3,A92,A101,2,A124,25,A143,A152,2,A174,1,A192,A201,1,224.02777777777777,18-25,25-36 months,0,1,0
A14,21,A34,A41,3275,A61,A75,1,A93,A101,4,A123,36,A143,A152,1,A174,1,A192,A201,0,155.95238095238096,36-50,13-24 months,0,0,1
A14,24,A34,A43,2223,A62,A75,4,A93,A101,4,A122,52,A141,A152,2,A173,1,A191,A201,0,92.625,51-65,13-24 months,1,1,1
A13,12,A34,A40,1480,A63,A71,2,A93,A101,4,A124,66,A141,A153,3,A171,1,A191,A201,0,123.33333333333333,65+,<=12 months,0,1,0
A11,24,A32,A40,1371,A65,A73,4,A92,A101,4,A121,25,A143,A151,1,A173,1,A191,A201,1,57.125,18-25,13-24 months,1,0,0
A14,36,A34,A40,3535,A61,A74,4,A93,A101,4,A123,37,A143,A152,2,A173,1,A192,A201,0,98.19444444444444,36-50,25-36 months,1,1,1
A11,18,A32,A43,3509,A61,A74,4,A92,A103,1,A121,25,A143,A152,1,A173,1,A191,A201,0,194.94444444444446,18-25,13-24 months,1,0,1
A14,36,A34,A41,5711,A64,A75,4,A93,A101,2,A123,38,A143,A152,2,A174,1,A192,A201,0,158.63888888888889,36-50,25-36 months,1,1,1
A12,18,A32,A45,3872,A61,A71,2,A92,A101,4,A123,67,A143,A152,1,A173,1,A192,A201,0,215.11111111111111,65+,13-24 months,0,0,0
A12,39,A34,A43,4933,A61,A74,2,A93,A103,2,A121,25,A143,A152,2,A173,1,A191,A201,1,126.48717948717949,18-25,37-60 months,0,1,1
A14,24,A34,A40,1940,A64,A75,4,A93,A101,4,A121,60,A143,A152,1,A173,1,A192,A201,0,80.83333333333333,51-65,13-24 months,1,0,1
A12,12,A30,A48,1410,A61,A73,2,A93,A101,2,A121,31,A143,A152,1,A172,1,A192,A201,0,117.5,26-35,<=12 months,0,0,0
A12,12,A32,A40,836,A62,A72,4,A92,A101,2,A122,23,A141,A152,1,A172,1,A191,A201,1,69.66666666666667,18-25,<=12 months,1,0,0
A12,20,A32,A41,6468,A65,A71,1,A91,A101,4,A121,60,A143,A152,1,A174,1,A192,A201,0,323.4,51-65,13-24 months,0,0,0
A12,18,A32,A49,1941,A64,A73,4,A93,A101,2,A122,35,A143,A152,1,A172,1,A192,A201,0,107.83333333333333,26-35,13-24 months,1,0,0
A14,22,A32,A43,2675,A63,A75,3,A93,A101,4,A123,40,A143,A152,1,A173,1,A191,A201,0,121.5909090909091,36-50,13-24 months,0,0,1
A14,48,A34,A41,2751,A65,A75,4,A93,A101,3,A123,38,A143,A152,2,A173,2,A192,A201,0,57.3125,36-50,37-60 months,1,1,1
A12,48,A33,A46,6224,A61,A75,4,A93,A101,4,A124,50,A143,A153,1,A173,1,A191,A201,1,129.66666666666666,36-50,37-60 months,1,0,1
A11,40,A34,A46,5998,A61,A73,4,A93,A101,3,A124,27,A141,A152,1,A173,1,A192,A201,1,149.95,26-35,37-60 months,1,0,0
A12,21,A32,A49,1188,A61,A75,2,A92,A101,4,A122,39,A143,A152,1,A173,2,A191,A201,1,56.57142857142857,36-50,13-24 months,0,0,1
A14,24,A32,A41,6313,A65,A75,3,A93,A101,4,A123,41,A143,A152,1,A174,2,A192,A201,0,263.0416666666667,36-50,13-24 months,0,0,1
A14,6,A34,A42,1221,A65,A73,1,A94,A101,2,A122,27,A143,A152,2,A173,1,A191,A201,0,203.5,26-35,<=12 months,0,1,0
A13,24,A32,A42,2892,A61,A75,3,A91,A101,4,A124,51,A143,A153,1,A173,1,A191,A201,0,120.5,51-65,13-24 months,0,0,1
A14,24,A32,A42,3062,A63,A75,4,A93,A101,3,A124,32,A143,A151,1,A173,1,A192,A201,0,127.58333333333333,26-35,13-24 months,1,0,1
A14,9,A32,A42,2301,A62,A72,2,A92,A101,4,A122,22,A143,A151,1,A173,1,A191,A201,0,255.66666666666666,18-25,<=12 months,0,0,0
A11,18,A32,A41,7511,A65,A75,1,A93,A101,4,A122,51,A143,A153,1,A173,2,A192,A201,1,417.27777777777777,51-65,13-24 months,0,0,1
A14,12,A34,A42,1258,A61,A72,2,A92,A101,4,A122,22,A143,A151,2,A172,1,A191,A201,0,104.83333333333333,18-25,<=12 months,0,1,0
A14,24,A33,A40,717,A65,A75,4,A94,A101,4,A123,54,A143,A152,2,A173,1,A192,A201,0,29.875,51-65,13-24 months,1,1,1
A12,9,A32,A40,1549,A65,A72,4,A93,A101,2,A121,35,A143,A152,1,A171,1,A191,A201,0,172.11111111111111,26-35,<=12 months,1,0,0
A14,24,A34,A46,1597,A61,A75,4,A93,A101,4,A124,54,A143,A153,2,A173,2,A191,A201,0,66.54166666666667,51-65,13-24 months,1,1,1
A12,18,A34,A43,1795,A61,A75,3,A92,A103,4,A121,48,A141,A151,2,A172,1,A192,A201,0,99.72222222222223,36-50,13-24 months,0,1,1
A11,20,A34,A42,4272,A61,A75,1,A92,A101,4,A122,24,A143,A152,2,A173,1,A191,A201,0,213.6,18-25,13-24 months,0,1,1
A14,12,A34,A43,976,A65,A75,4,A93,A101,4,A123,35,A143,A152,2,A173,1,A191,A201,0,81.33333333333333,26-35,<=12 months,1,1,1
A12,12,A32,A40,7472,A65,A71,1,A92,A101,2,A121,24,A143,A151,1,A171,1,A191,A201,0,622.6666666666666,18-25,<=12 months,0,0,0
A11,36,A32,A40,9271,A61,A74,2,A93,A101,1,A123,24,A143,A152,1,A173,1,A192,A201,1,257.52777777777777,18-25,25-36 months,0,0,1
A12,6,A32,A43,590,A61,A72,3,A94,A101,3,A121,26,A143,A152,1,A172,1,A191,A202,0,98.33333333333333,26-35,<=12 months,0,0,0
A14,12,A34,A43,930,A65,A75,4,A93,A101,4,A121,65,A143,A152,4,A173,1,A191,A201,0,77.5,51-65,<=12 months,1,1,1
A12,42,A31,A41,9283,A61,A71,1,A93,A101,2,A124,55,A141,A153,1,A174,1,A192,A201,0,221.02380952380952,51-65,37-60 months,0,0,0
A12,15,A30,A40,1778,A61,A72,2,A92,A101,1,A121,26,A143,A151,2,A171,1,A191,A201,1,118.53333333333333,26-35,13-24 months,0,1,0
A12,8,A32,A49,907,A61,A72,3,A94,A101,2,A121,26,A143,A152,1,A173,1,A192,A201,0,113.375,26-35,<=12 months,0,0,0
A12,6,A32,A43,484,A61,A74,3,A94,A103,3,A121,28,A141,A152,1,A172,1,A191,A201,0,80.66666666666667,26-35,<=12 months,0,0,1
A11,36,A34,A41,9629,A61,A74,4,A93,A101,4,A123,24,A143,A152,2,A173,1,A192,A201,1,267.47222222222223,18-25,25-36 months,1,1,1
A11,48,A32,A44,3051,A61,A73,3,A93,A101,4,A123,54,A143,A152,1,A173,1,A191,A201,1,63.5625,51-65,37-60 months,0,0,0
A11,48,A32,A40,3931,A61,A74,4,A93,A101,4,A124,46,A143,A153,1,A173,2,A191,A201,1,81.89583333333333,36-50,37-60 months,1,0,1
A12,36,A33,A40,7432,A61,A73,2,A92,A101,2,A122,54,A143,A151,1,A173,1,A191,A201,0,206.44444444444446,51-65,25-36 months,0,0,0
A14,6,A32,A44,1338,A63,A73,1,A91,A101,4,A121,62,A143,A152,1,A173,1,A191,A201,0,223.0,51-65,<=12 months,0,0,0
A14,6,A34,A43,1554,A61,A74,1,A92,A101,2,A123,24,A143,A151,2,A173,1,A192,A201,0,259.0,18-25,<=12 months,0,1,1
A11,36,A32,A410,15857,A61,A71,2,A91,A102,3,A123,43,A143,A152,1,A174,1,A191,A201,0,440.47222222222223,36-50,25-36 months,0,0,0
A11,18,A32,A43,1345,A61,A73,4,A94,A101,3,A121,26,A141,A152,1,A173,1,A191,A201,1,74.72222222222223,26-35,13-24 months,1,0,0
A14,12,A32,A40,1101,A61,A73,3,A94,A101,2,A121,27,A143,A152,2,A173,1,A192,A201,0,91.75,26-35,<=12 months,0,1,0
A13,12,A32,A43,3016,A61,A73,3,A94,A101,1,A123,24,A143,A152,1,A173,1,A191,A201,0,251.33333333333334,18-25,<=12 months,0,0,0
A11,36,A32,A42,2712,A61,A75,2,A93,A101,2,A122,41,A141,A152,1,A173,2,A191,A201,1,75.33333333333333,36-50,25-36 months,0,0,1
A11,8,A34,A40,731,A61,A75,4,A93,A101,4,A121,47,A143,A152,2,A172,1,A191,A201,0,91.375,36-50,<=12 months,1,1,1
A14,18,A34,A42,3780,A61,A72,3,A91,A101,2,A123,35,A143,A152,2,A174,1,A192,A201,0,210.0,26-35,13-24 months,0,1,0
A11,21,A34,A40,1602,A61,A75,4,A94,A101,3,A123,30,A143,A152,2,A173,1,A192,A201,0,76.28571428571429,26-35,13-24 months,1,1,1
A11,18,A34,A40,3966,A61,A75,1,A92,A101,4,A121,33,A141,A151,3,A173,1,A192,A201,1,220.33333333333334,26-35,13-24 months,0,1,1
A14,18,A30,A49,4165,A61,A73,2,A93,A101,2,A123,36,A142,A152,2,A173,2,A191,A201,1,231.38888888888889,36-50,13-24 months,0,1,0
A11,36,A32,A41,8335,A65,A75,3,A93,A101,4,A124,47,A143,A153,1,A173,1,A191,A201,1,231.52777777777777,36-50,25-36 months,0,0,1
A12,48,A33,A49,6681,A65,A73,4,A93,A101,4,A124,38,A143,A153,1,A173,2,A192,A201,0,139.1875,36-50,37-60 months,1,0,0
A14,24,A33,A49,2375,A63,A73,4,A93,A101,2,A123,44,A143,A152,2,A173,2,A192,A201,0,98.95833333333333,36-50,13-24 months,1,1,0
A11,18,A32,A40,1216,A61,A72,4,A92,A101,3,A123,23,A143,A151,1,A173,1,A192,A201,1,67.55555555555556,18-25,13-24 months,1,0,0
A11,45,A30,A49,11816,A61,A75,2,A93,A101,4,A123,29,A143,A151,2,A173,1,A191,A201,1,262.5777777777778,26-35,37-60 months,0,1,1
A12,24,A32,A43,5084,A65,A75,2,A92,A101,4,A123,42,A143,A152,1,A173,1,A192,A201,0,211.83333333333334,36-50,13-24 months,0,0,1
A13,15,A32,A43,2327,A61,A72,2,A92,A101,3,A121,25,A143,A152,1,A172,1,A191,A201,1,155.13333333333333,18-25,13-24 months,0,0,0
A11,12,A30,A40,1082,A61,A73,4,A93,A101,4,A123,48,A141,A152,2,A173,1,A191,A201,1,90.16666666666667,36-50,<=12 months,1,1,0
A14,12,A32,A43,886,A65,A73,4,A92,A101,2,A123,21,A143,A152,1,A173,1,A191,A201,0,73.83333333333333,18-25,<=12 months,1,0,0
A14,4,A32,A42,601,A61,A72,1,A92,A101,3,A121,23,A143,A151,1,A172,2,A191,A201,0,150.25,18-25,<=12 months,0,0,0
A11,24,A34,A41,2957,A61,A75,4,A93,A101,4,A122,63,A143,A152,2,A173,1,A192,A201,0,123.20833333333333,51-65,13-24 months,1,1,1
A14,24,A34,A43,2611,A61,A75,4,A94,A102,3,A121,46,A143,A152,2,A173,1,A191,A201,0,108.79166666666667,36-50,13-24 months,1,1,1
A11,36,A32,A42,5179,A61,A74,4,A93,A101,2,A122,29,A143,A152,1,A173,1,A191,A201,1,143.86111111111111,26-35,25-36 months,1,0,1
A14,21,A33,A41,2993,A61,A73,3,A93,A101,2,A121,28,A142,A152,2,A172,1,A191,A201,0,142.52380952380952,26-35,13-24 months,0,1,0
A14,18,A32,A45,1943,A61,A72,4,A92,A101,4,A121,23,A143,A152,1,A173,1,A191,A201,1,107.94444444444444,18-25,13-24 months,1,0,0
A14,24,A31,A49,1559,A61,A74,4,A93,A101,4,A123,50,A141,A152,1,A173,1,A192,A201,0,64.95833333333333,36-50,13-24 months,1,0,1
A14,18,A32,A42,3422,A61,A75,4,A93,A101,4,A122,47,A141,A152,3,A173,2,A192,A201,0,190.11111111111111,36-50,13-24 months,1,1,1
A12,21,A32,A42,3976,A65,A74,2,A93,A101,3,A123,35,A143,A152,1,A173,1,A192,A201,0,189.33333333333334,26-35,13-24 months,0,0,1
A14,18,A32,A40,6761,A65,A73,2,A93,A101,4,A123,68,A143,A151,2,A173,1,A191,A201,1,375.6111111111111,65+,13-24 months,0,1,0
A14,24,A32,A40,1249,A61,A72,4,A94,A101,2,A121,28,A143,A152,1,A173,1,A191,A201,0,52.041666666666664,26-35,13-24 months,1,0,0
A11,9,A32,A43,1364,A61,A74,3,A93,A101,4,A121,59,A143,A152,1,A173,1,A191,A201,0,151.55555555555554,51-65,<=12 months,0,0,1
A11,12,A32,A43,709,A61,A75,4,A93,A101,4,A121,57,A142,A152,1,A172,1,A191,A201,1,59.083333333333336,51-65,<=12 months,1,0,1
A11,20,A34,A40,2235,A61,A73,4,A94,A103,2,A122,33,A141,A151,2,A173,1,A191,A202,1,111.75,26-35,13-24 months,1,1,0
A14,24,A34,A41,4042,A65,A74,3,A93,A101,4,A122,43,A143,A152,2,A173,1,A192,A201,0,168.41666666666666,36-50,13-24 months,0,1,1
A14,15,A34,A43,1471,A61,A73,4,A93,A101,4,A124,35,A143,A153,2,A173,1,A192,A201,0,98.06666666666666,26-35,13-24 months,1,1,0
A11,18,A31,A40,1442,A61,A74,4,A93,A101,4,A124,32,A143,A153,2,A172,2,A191,A201,1,80.11111111111111,26-35,13-24 months,1,1,1
A14,36,A33,A40,10875,A61,A75,2,A93,A101,2,A123,45,A143,A152,2,A173,2,A192,A201,0,302.0833333333333,36-50,25-36 months,0,1,1
A14,24,A32,A40,1474,A62,A72,4,A94,A101,3,A121,33,A143,A152,1,A173,1,A192,A201,0,61.416666666666664,26-35,13-24 months,1,0,0
A14,10,A32,A48,894,A65,A74,4,A92,A101,3,A122,40,A143,A152,1,A173,1,A192,A201,0,89.4,36-50,<=12 months,1,0,1
A14,15,A34,A42,3343,A61,A73,4,A93,A101,2,A124,28,A143,A153,1,A173,1,A192,A201,0,222.86666666666667,26-35,13-24 months,1,0,0
A11,15,A32,A40,3959,A61,A73,3,A92,A101,2,A122,29,A143,A152,1,A173,1,A192,A201,1,263.93333333333334,26-35,13-24 months,0,0,0
A14,9,A32,A40,3577,A62,A73,1,A93,A103,2,A121,26,A143,A151,1,A173,2,A191,A202,0,397.44444444444446,26-35,<=12 months,0,0,0
A14,24,A34,A41,5804,A64,A73,4,A93,A101,2,A121,27,A143,A152,2,A173,1,A191,A201,0,241.83333333333334,26-35,13-24 months,1,1,0
A14,18,A33,A49,2169,A61,A73,4,A94,A101,2,A123,28,A143,A152,1,A173,1,A192,A201,1,120.5,26-35,13-24 months,1,0,0
A11,24,A32,A43,2439,A61,A72,4,A92,A101,4,A121,35,A143,A152,1,A173,1,A192,A201,1,101.625,26-35,13-24 months,1,0,0
A14,27,A34,A42,4526,A64,A72,4,A93,A101,2,A121,32,A142,A152,2,A172,2,A192,A201,0,167.62962962962962,26-35,25-36 months,1,1,0
A14,10,A32,A42,2210,A61,A73,2,A93,A101,2,A121,25,A141,A151,1,A172,1,A191,A201,1,221.0,18-25,<=12 months,0,0,0
A14,15,A32,A42,2221,A63,A73,2,A92,A101,4,A123,20,A143,A151,1,A173,1,A191,A201,0,148.06666666666666,18-25,13-24 months,0,0,0
A11,18,A32,A43,2389,A61,A72,4,A92,A101,1,A123,27,A142,A152,1,A173,1,A191,A201,0,132.72222222222223,26-35,13-24 months,1,0,0
A14,12,A34,A42,3331,A61,A75,2,A93,A101,4,A122,42,A142,A152,1,A173,1,A191,A201,0,277.5833333333333,36-50,<=12 months,0,0,1
A14,36,A32,A49,7409,A65,A75,3,A93,A101,2,A122,37,A143,A152,2,A173,1,A191,A201,0,205.80555555555554,36-50,25-36 months,0,1,1
A11,12,A32,A42,652,A61,A75,4,A92,A101,4,A122,24,A143,A151,1,A173,1,A191,A201,0,54.333333333333336,18-25,<=12 months,1,0,1
A14,36,A33,A42,7678,A63,A74,2,A92,A101,4,A123,40,A143,A152,2,A173,1,A192,A201,0,213.27777777777777,36-50,25-36 months,0,1,1
A13,6,A34,A40,1343,A61,A75,1,A93,A101,4,A121,46,A143,A152,2,A173,2,A191,A202,0,223.83333333333334,36-50,<=12 months,0,1,1
A11,24,A34,A49,1382,A62,A74,4,A93,A101,1,A121,26,A143,A152,2,A173,1,A192,A201,0,57.583333333333336,26-35,13-24 months,1,1,1
A14,15,A32,A44,874,A65,A72,4,A92,A101,1,A121,24,A143,A152,1,A173,1,A191,A201,0,58.266666666666666,18-25,13-24 months,1,0,0
A11,12,A32,A42,3590,A61,A73,2,A93,A102,2,A122,29,A143,A152,1,A172,2,A191,A201,0,299.1666666666667,26-35,<=12 months,0,0,0
A12,11,A34,A40,1322,A64,A73,4,A92,A101,4,A123,40,A143,A152,2,A173,1,A191,A201,0,120.18181818181819,36-50,<=12 months,1,1,0
A11,18,A31,A43,1940,A61,A72,3,A93,A102,4,A124,36,A141,A153,1,A174,1,A192,A201,0,107.77777777777777,36-50,13-24 months,0,0,0
A14,36,A32,A43,3595,A61,A75,4,A93,A101,2,A123,28,A143,A152,1,A173,1,A191,A201,0,99.86111111111111,26-35,25-36 months,1,0,1
A11,9,A32,A40,1422,A61,A72,3,A93,A101,2,A124,27,A143,A153,1,A174,1,A192,A201,1,158.0,26-35,<=12 months,0,0,0
A14,30,A34,A43,6742,A65,A74,2,A93,A101,3,A122,36,A143,A152,2,A173,1,A191,A201,0,224.73333333333332,36-50,25-36 months,0,1,1
A14,24,A32,A41,7814,A61,A74,3,A93,A101,3,A123,38,A143,A152,1,A174,1,A192,A201,0,325.5833333333333,36-50,13-24 months,0,0,1
A14,24,A32,A41,9277,A65,A73,2,A91,A101,4,A124,48,A143,A153,1,A173,1,A192,A201,0,386.5416666666667,36-50,13-24 months,0,0,0
A12,30,A34,A40,2181,A65,A75,4,A93,A101,4,A121,36,A143,A152,2,A173,1,A191,A201,0,72.7,36-50,25-36 months,1,1,1
A14,18,A34,A43,1098,A61,A71,4,A92,A101,4,A123,65,A143,A152,2,A171,1,A191,A201,0,61.0,51-65,13-24 months,1,1,0
A12,24,A32,A42,4057,A61,A74,3,A91,A101,3,A123,43,A143,A152,1,A173,1,A192,A201,1,169.04166666666666,36-50,13-24 months,0,0,1
A11,12,A32,A46,795,A61,A72,4,A92,A101,4,A122,53,A143,A152,1,A173,1,A191,A201,1,66.25,51-65,<=12 months,1,0,0
A12,24,A34,A49,2825,A65,A74,4,A93,A101,3,A124,34,A143,A152,2,A173,2,A192,A201,0,117.70833333333333,26-35,13-24 months,1,1,1
A12,48,A32,A49,15672,A61,A73,2,A93,A101,2,A123,23,A143,A152,1,A173,1,A192,A201,1,326.5,18-25,37-60 months,0,0,0
A14,36,A34,A40,6614,A61,A75,4,A93,A101,4,A123,34,A143,A152,2,A174,1,A192,A201,0,183.72222222222223,26-35,25-36 months,1,1,1
A14,28,A31,A41,7824,A65,A72,3,A93,A103,4,A121,40,A141,A151,2,A173,2,A192,A201,0,279.42857142857144,36-50,25-36 months,0,1,0
A11,27,A34,A49,2442,A61,A75,4,A93,A101,4,A123,43,A142,A152,4,A174,2,A192,A201,0,90.44444444444444,36-50,25-36 months,1,1,1
A14,15,A34,A43,1829,A61,A75,4,A93,A101,4,A123,46,A143,A152,2,A173,1,A192,A201,0,121.93333333333334,36-50,13-24 months,1,1,1
A11,12,A34,A40,2171,A61,A73,4,A93,A101,4,A122,38,A141,A152,2,A172,1,A191,A202,0,180.91666666666666,36-50,<=12 months,1,1,0
A12,36,A34,A41,5800,A61,A73,3,A93,A101,4,A123,34,A143,A152,2,A173,1,A192,A201,0,161.11111111111111,26-35,25-36 months,0,1,0
A14,18,A34,A43,1169,A65,A73,4,A93,A101,3,A122,29,A143,A152,2,A173,1,A192,A201,0,64.94444444444444,26-35,13-24 months,1,1,0
A14,36,A33,A41,8947,A65,A74,3,A93,A101,2,A123,31,A142,A152,1,A174,2,A192,A201,0,248.52777777777777,26-35,25-36 months,0,0,1
A11,21,A32,A43,2606,A61,A72,4,A92,A101,4,A122,28,A143,A151,1,A174,1,A192,A201,0,124.0952380952381,26-35,13-24 months,1,0,0
A14,12,A34,A42,1592,A64,A74,3,A92,A101,2,A122,35,A143,A152,1,A173,1,A191,A202,0,132.66666666666666,26-35,<=12 months,0,0,1
A14,15,A32,A42,2186,A65,A74,1,A92,A101,4,A121,33,A141,A151,1,A172,1,A191,A201,0,145.73333333333332,26-35,13-24 months,0,0,1
A11,18,A32,A42,4153,A61,A73,2,A93,A102,3,A123,42,A143,A152,1,A173,1,A191,A201,1,230.72222222222223,36-50,13-24 months,0,0,0
A11,16,A34,A40,2625,A61,A75,2,A93,A103,4,A122,43,A141,A151,1,A173,1,A192,A201,1,164.0625,36-50,13-24 months,0,0,1
A14,20,A34,A40,3485,A65,A72,2,A91,A101,4,A121,44,A143,A152,2,A173,1,A192,A201,0,174.25,36-50,13-24 months,0,1,0
A14,36,A34,A41,10477,A65,A75,2,A93,A101,4,A124,42,A143,A153,2,A173,1,A191,A201,0,291.02777777777777,36-50,25-36 months,0,1,1
A14,15,A32,A43,1386,A65,A73,4,A94,A101,2,A121,40,A143,A151,1,A173,1,A192,A201,0,92.4,36-50,13-24 months,1,0,0
A14,24,A32,A43,1278,A61,A75,4,A93,A101,1,A121,36,A143,A152,1,A174,1,A192,A201,0,53.25,36-50,13-24 months,1,0,1
A11,12,A32,A43,1107,A61,A73,2,A93,A101,2,A121,20,A143,A151,1,A174,2,A192,A201,0,92.25,18-25,<=12 months,0,0,0
A11,21,A32,A40,3763,A65,A74,2,A93,A102,2,A121,24,A143,A152,1,A172,1,A191,A202,0,179.1904761904762,18-25,13-24 months,0,0,1
A12,36,A32,A46,3711,A65,A73,2,A94,A101,2,A123,27,A143,A152,1,A173,1,A191,A201,0,103.08333333333333,26-35,25-36 months,0,0,0
A14,15,A33,A41,3594,A61,A72,1,A92,A101,2,A122,46,A143,A152,2,A172,1,A191,A201,0,239.6,36-50,13-24 months,0,1,0
A12,9,A32,A40,3195,A65,A73,1,A92,A101,2,A121,33,A143,A152,1,A172,1,A191,A201,0,355.0,26-35,<=12 months,0,0,0
A14,36,A33,A43,4454,A61,A73,4,A92,A101,4,A121,34,A143,A152,2,A173,1,A191,A201,0,123.72222222222223,26-35,25-36 months,1,1,0
A12,24,A34,A42,4736,A61,A72,2,A92,A101,4,A123,25,A141,A152,1,A172,1,A191,A201,1,197.33333333333334,18-25,13-24 months,0,0,0
A12,30,A32,A43,2991,A65,A75,2,A92,A101,4,A123,25,A143,A152,1,A173,1,A191,A201,0,99.7,18-25,25-36 months,0,0,1
A14,11,A32,A49,2142,A64,A75,1,A91,A101,2,A121,28,A143,A152,1,A173,1,A192,A201,0,194.72727272727272,26-35,<=12 months,0,0,1
A11,24,A31,A49,3161,A61,A73,4,A93,A101,2,A122,31,A143,A151,1,A173,1,A192,A201,1,131.70833333333334,26-35,13-24 months,1,0,0
A12,48,A30,A410,18424,A61,A73,1,A92,A101,2,A122,32,A141,A152,1,A174,1,A192,A202,1,383.8333333333333,26-35,37-60 months,0,0,0
A14,10,A32,A41,2848,A62,A73,1,A93,A102,2,A121,32,A143,A152,1,A173,2,A191,A201,0,284.8,26-35,<=12 months,0,0,0
A11,6,A32,A40,14896,A61,A75,1,A93,A101,4,A124,68,A141,A152,1,A174,1,A192,A201,1,2482.6666666666665,65+,<=12 months,0,0,1
A11,24,A32,A42,2359,A62,A71,1,A91,A101,1,A122,33,A143,A152,1,A173,1,A191,A201,1,98.29166666666667,26-35,13-24 months,0,0,0
A11,24,A32,A42,3345,A61,A75,4,A93,A101,2,A122,39,A143,A151,1,A174,1,A192,A201,1,139.375,36-50,13-24 months,1,0,1
A14,18,A34,A42,1817,A61,A73,4,A92,A101,2,A124,28,A143,A152,2,A173,1,A191,A201,0,100.94444444444444,26-35,13-24 months,1,1,0
A14,48,A33,A43,12749,A63,A74,4,A93,A101,1,A123,37,A143,A152,1,A174,1,A192,A201,0,265.6041666666667,36-50,37-60 months,1,0,1
A11,9,A32,A43,1366,A61,A72,3,A92,A101,4,A122,22,A143,A151,1,A173,1,A191,A201,1,151.77777777777777,18-25,<=12 months,0,0,0
A12,12,A32,A40,2002,A61,A74,3,A93,A101,4,A122,30,A143,A151,1,A173,2,A192,A201,0,166.83333333333334,26-35,<=12 months,0,0,1
A11,24,A31,A42,6872,A61,A72,2,A91,A101,1,A122,55,A141,A152,1,A173,1,A192,A201,1,286.3333333333333,51-65,13-24 months,0,0,0
A11,12,A31,A40,697,A61,A72,4,A93,A101,2,A123,46,A141,A152,2,A173,1,A192,A201,1,58.083333333333336,36-50,<=12 months,1,1,0
A11,18,A34,A42,1049,A61,A72,4,A92,A101,4,A122,21,A143,A151,1,A173,1,A191,A201,0,58.27777777777778,18-25,13-24 months,1,0,0
A11,48,A32,A41,10297,A61,A74,4,A93,A101,4,A124,39,A142,A153,3,A173,2,A192,A201,1,214.52083333333334,36-50,37-60 months,1,1,1
A14,30,A32,A43,1867,A65,A75,4,A93,A101,4,A123,58,A143,A152,1,A173,1,A192,A201,0,62.233333333333334,51-65,25-36 months,1,0,1
A11,12,A33,A40,1344,A61,A73,4,A93,A101,2,A121,43,A143,A152,2,A172,2,A191,A201,0,112.0,36-50,<=12 months,1,1,0
A11,24,A32,A42,1747,A61,A72,4,A93,A102,1,A122,24,A143,A152,1,A172,1,A191,A202,0,72.79166666666667,18-25,13-24 months,1,0,0
A12,9,A32,A43,1670,A61,A72,4,A92,A101,2,A123,22,A143,A152,1,A173,1,A192,A201,1,185.55555555555554,18-25,<=12 months,1,0,0
A14,9,A34,A40,1224,A61,A73,3,A93,A101,1,A121,30,A143,A152,2,A173,1,A191,A201,0,136.0,26-35,<=12 months,0,1,0
A14,12,A34,A43,522,A63,A75,4,A93,A101,4,A122,42,A143,A152,2,A173,2,A192,A201,0,43.5,36-50,<=12 months,1,1,1
A11,12,A32,A43,1498,A61,A73,4,A92,A101,1,A123,23,A141,A152,1,A173,1,A191,A201,0,124.83333333333333,18-25,<=12 months,1,0,0
A12,30,A33,A43,1919,A62,A72,4,A93,A101,3,A124,30,A142,A152,2,A174,1,A191,A201,1,63.96666666666667,26-35,25-36 months,1,1,0
A13,9,A32,A43,745,A61,A73,3,A92,A101,2,A121,28,A143,A152,1,A172,1,A191,A201,1,82.77777777777777,26-35,<=12 months,0,0,0
A12,6,A32,A43,2063,A61,A72,4,A94,A101,3,A123,30,A143,A151,1,A174,1,A192,A201,0,343.8333333333333,26-35,<=12 months,1,0,0
A12,60,A32,A46,6288,A61,A73,4,A93,A101,4,A124,42,A143,A153,1,A173,1,A191,A201,1,104.8,36-50,37-60 months,1,0,0
A14,24,A34,A41,6842,A65,A73,2,A93,A101,4,A122,46,A143,A152,2,A174,2,A192,A201,0,285.0833333333333,36-50,13-24 months,0,1,0
A14,12,A32,A40,3527,A65,A72,2,A93,A101,3,A122,45,A143,A152,1,A174,2,A192,A201,0,293.9166666666667,36-50,<=12 months,0,0,0
A14,10,A32,A40,1546,A61,A73,3,A93,A101,2,A121,31,A143,A152,1,A172,2,A191,A202,0,154.6,26-35,<=12 months,0,0,0
A14,24,A32,A42,929,A65,A74,4,A93,A101,2,A123,31,A142,A152,1,A173,1,A192,A201,0,38.708333333333336,26-35,13-24 months,1,0,1
A14,4,A34,A40,1455,A61,A74,2,A93,A101,1,A121,42,A143,A152,3,A172,2,A191,A201,0,363.75,36-50,<=12 months,0,1,1
A11,15,A32,A42,1845,A61,A72,4,A92,A103,1,A122,46,A143,A151,1,A173,1,A191,A201,0,123.0,36-50,13-24 months,1,0,0
A12,48,A30,A40,8358,A63,A72,1,A92,A101,1,A123,30,A143,A152,2,A173,1,A191,A201,0,174.125,26-35,37-60 months,0,1,0
A11,24,A31,A42,3349,A63,A72,4,A93,A101,4,A124,30,A143,A153,1,A173,2,A192,A201,1,139.54166666666666,26-35,13-24 months,1,0,0
A14,12,A32,A40,2859,A65,A71,4,A93,A101,4,A124,38,A143,A152,1,A174,1,A192,A201,0,238.25,36-50,<=12 months,1,0,0
A14,18,A32,A42,1533,A61,A72,4,A94,A102,1,A122,43,A143,A152,1,A172,2,A191,A201,1,85.16666666666667,36-50,13-24 months,1,0,0
A14,24,A32,A43,3621,A62,A75,2,A93,A101,4,A123,31,A143,A152,2,A173,1,A191,A201,1,150.875,26-35,13-24 months,0,1,1
A12,18,A34,A49,3590,A61,A71,3,A94,A101,3,A123,40,A143,A152,3,A171,2,A192,A201,0,199.44444444444446,36-50,13-24 months,0,1,0
A11,36,A33,A49,2145,A61,A74,2,A93,A101,1,A123,24,A143,A152,2,A173,1,A192,A201,1,59.583333333333336,18-25,25-36 months,0,1,1
A12,24,A32,A41,4113,A63,A72,3,A92,A101,4,A123,28,A143,A151,1,A173,1,A191,A201,1,171.375,26-35,13-24 months,0,0,0
A14,36,A32,A42,10974,A61,A71,4,A92,A101,2,A123,26,A143,A152,2,A174,1,A192,A201,1,304.8333333333333,26-35,25-36 months,1,1,0
A11,12,A32,A40,1893,A61,A73,4,A92,A103,4,A122,29,A143,A152,1,A173,1,A192,A201,0,157.75,26-35,<=12 months,1,0,0
A11,24,A34,A43,1231,A64,A75,4,A92,A101,4,A122,57,A143,A151,2,A174,1,A192,A201,0,51.291666666666664,51-65,13-24 months,1,1,1
A13,30,A34,A43,3656,A65,A75,4,A93,A101,4,A122,49,A142,A152,2,A172,1,A191,A201,0,121.86666666666666,36-50,25-36 months,1,1,1
A12,9,A34,A43,1154,A61,A75,2,A93,A101,4,A121,37,A143,A152,3,A172,1,A191,A201,0,128.22222222222223,36-50,<=12 months,0,1,1
A11,28,A32,A40,4006,A61,A73,3,A93,A101,2,A123,45,A143,A152,1,A172,1,A191,A201,1,143.07142857142858,36-50,25-36 months,0,0,0
A12,24,A32,A42,3069,A62,A75,4,A93,A101,4,A124,30,A143,A153,1,A173,1,A191,A201,0,127.875,26-35,13-24 months,1,0,1
A14,6,A34,A43,1740,A61,A75,2,A94,A101,2,A121,30,A143,A151,2,A173,1,A191,A201,0,290.0,26-35,<=12 months,0,1,1
A12,21,A33,A40,2353,A61,A73,1,A91,A101,4,A122,47,A143,A152,2,A173,1,A191,A201,0,112.04761904761905,36-50,13-24 months,0,1,0
A14,15,A32,A40,3556,A65,A73,3,A93,A101,2,A124,29,A143,A152,1,A173,1,A191,A201,0,237.06666666666666,26-35,13-24 months,0,0,0
A14,24,A32,A43,2397,A63,A75,3,A93,A101,2,A123,35,A141,A152,2,A173,1,A192,A201,1,99.875,26-35,13-24 months,0,1,1
A12,6,A32,A45,454,A61,A72,3,A94,A101,1,A122,22,A143,A152,1,A172,1,A191,A201,0,75.66666666666667,18-25,<=12 months,0,0,0
A12,30,A32,A43,1715,A65,A73,4,A92,A101,1,A123,26,A143,A152,1,A173,1,A191,A201,0,57.166666666666664,26-35,25-36 months,1,0,0
A12,27,A34,A43,2520,A63,A73,4,A93,A101,2,A122,23,A143,A152,2,A172,1,A191,A201,1,93.33333333333333,18-25,25-36 months,1,1,0
A14,15,A32,A43,3568,A61,A75,4,A92,A101,2,A123,54,A141,A151,1,A174,1,A192,A201,0,237.86666666666667,51-65,13-24 months,1,0,1
A14,42,A32,A43,7166,A65,A74,2,A94,A101,4,A122,29,A143,A151,1,A173,1,A192,A201,0,170.61904761904762,26-35,37-60 months,0,0,1
A11,11,A34,A40,3939,A61,A73,1,A93,A101,2,A121,40,A143,A152,2,A172,2,A191,A201,0,358.09090909090907,36-50,<=12 months,0,1,0
A12,15,A32,A45,1514,A62,A73,4,A93,A103,2,A121,22,A143,A152,1,A173,1,A191,A201,0,100.93333333333334,18-25,13-24 months,1,0,0
A14,24,A32,A40,7393,A61,A73,1,A93,A101,4,A122,43,A143,A152,1,A172,2,A191,A201,0,308.0416666666667,36-50,13-24 months,0,0,0
A11,24,A31,A40,1193,A61,A71,1,A92,A102,4,A124,29,A143,A151,2,A171,1,A191,A201,1,49.708333333333336,26-35,13-24 months,0,1,0
A11,60,A32,A49,7297,A61,A75,4,A93,A102,4,A124,36,A143,A151,1,A173,1,A191,A201,1,121.61666666666666,36-50,37-60 months,1,0,1
A14,30,A34,A43,2831,A61,A73,4,A92,A101,2,A123,33,A143,A152,1,A173,1,A192,A201,0,94.36666666666666,26-35,25-36 months,1,0,0
A13,24,A32,A43,1258,A63,A73,3,A92,A101,3,A123,57,A143,A152,1,A172,1,A191,A201,0,52.416666666666664,51-65,13-24 months,0,0,0
A12,6,A32,A43,753,A61,A73,2,A92,A103,3,A121,64,A143,A152,1,A173,1,A191,A201,0,125.5,51-65,<=12 months,0,0,0
A12,18,A33,A49,2427,A65,A75,4,A93,A101,2,A122,42,A143,A152,2,A173,1,A191,A201,0,134.83333333333334,36-50,13-24 months,1,1,1
A14,24,A33,A40,2538,A61,A75,4,A93,A101,4,A123,47,A143,A152,2,A172,2,A191,A201,1,105.75,36-50,13-24 months,1,1,1
A12,15,A31,A40,1264,A62,A73,2,A94,A101,2,A122,25,A143,A151,1,A173,1,A191,A201,1,84.26666666666667,18-25,13-24 months,0,0,0
A12,30,A34,A42,8386,A61,A74,2,A93,A101,2,A122,49,A143,A152,1,A173,1,A191,A201,1,279.53333333333336,36-50,25-36 months,0,0,1
A14,48,A32,A49,4844,A61,A71,3,A93,A101,2,A123,33,A141,A151,1,A174,1,A192,A201,1,100.91666666666667,26-35,37-60 months,0,0,0
A13,21,A32,A40,2923,A62,A73,1,A92,A101,1,A123,28,A141,A152,1,A174,1,A192,A201,0,139.1904761904762,26-35,13-24 months,0,0,0
A11,36,A32,A41,8229,A61,A73,2,A93,A101,2,A122,26,A143,A152,1,A173,2,A191,A201,1,228.58333333333334,26-35,25-36 months,0,0,0
A14,24,A34,A42,2028,A61,A74,2,A93,A101,2,A122,30,A143,A152,2,A172,1,A191,A201,0,84.5,26-35,13-24 months,0,1,1
A11,15,A34,A42,1433,A61,A73,4,A92,A101,3,A122,25,A143,A151,2,A173,1,A191,A201,0,95.53333333333333,18-25,13-24 months,1,1,0
A13,42,A30,A49,6289,A61,A72,2,A91,A101,1,A122,33,A143,A152,2,A173,1,A191,A201,0,149.73809523809524,26-35,37-60 months,0,1,0
A14,13,A32,A43,1409,A62,A71,2,A92,A101,4,A121,64,A143,A152,1,A173,1,A191,A201,0,108.38461538461539,51-65,13-24 months,0,0,0
A11,24,A32,A41,6579,A61,A71,4,A93,A101,2,A124,29,A143,A153,1,A174,1,A192,A201,0,274.125,26-35,13-24 months,1,0,0
A12,24,A34,A43,1743,A61,A75,4,A93,A101,2,A122,48,A143,A152,2,A172,1,A191,A201,0,72.625,36-50,13-24 months,1,1,1
A14,12,A34,A46,3565,A65,A72,2,A93,A101,1,A122,37,A143,A152,2,A172,2,A191,A201,0,297.0833333333333,36-50,<=12 months,0,1,0
A14,15,A31,A43,1569,A62,A75,4,A93,A101,4,A123,34,A141,A152,1,A172,2,A191,A201,0,104.6,26-35,13-24 months,1,0,1
A11,18,A32,A43,1936,A65,A74,2,A94,A101,4,A123,23,A143,A151,2,A172,1,A191,A201,0,107.55555555555556,18-25,13-24 months,0,1,1
A11,36,A32,A42,3959,A61,A71,4,A93,A101,3,A122,30,A143,A152,1,A174,1,A192,A201,0,109.97222222222223,26-35,25-36 months,1,0,0
A14,12,A32,A40,2390,A65,A75,4,A93,A101,3,A123,50,A143,A152,1,A173,1,A192,A201,0,199.16666666666666,36-50,<=12 months,1,0,1
A14,12,A32,A42,1736,A61,A74,3,A92,A101,4,A121,31,A143,A152,1,A172,1,A191,A201,0,144.66666666666666,26-35,<=12 months,0,0,1
A11,30,A32,A41,3857,A61,A73,4,A91,A101,4,A122,40,A143,A152,1,A174,1,A192,A201,0,128.56666666666666,36-50,25-36 months,1,0,0
A14,12,A32,A43,804,A61,A75,4,A93,A101,4,A123,38,A143,A152,1,A173,1,A191,A201,0,67.0,36-50,<=12 months,1,0,1
A11,45,A32,A43,1845,A61,A73,4,A93,A101,4,A124,23,A143,A153,1,A173,1,A192,A201,1,41.0,18-25,37-60 months,1,0,0
A12,45,A34,A41,4576,A62,A71,3,A93,A101,4,A123,27,A143,A152,1,A173,1,A191,A201,0,101.68888888888888,26-35,37-60 months,0,0,0
